name,faction,parent,branch,gen
CONTROLBAR:ConstructMenFarm,men,,basic,0
CONTROLBAR:ConstructMenBarracks,men,,basic,0
CONTROLBAR:ConstructGondorFighterHorde,men,CONTROLBAR:ConstructMenBarracks,basic,1
CONTROLBAR:ToggleBlockFormation,men,CONTROLBAR:ConstructGondorFighterHorde,basic,2
CONTROLBAR:ToggleLineFormation,men,CONTROLBAR:ConstructGondorFighterHorde,basic,2
CONTROLBAR:PurchaseUpgradeGondorForgedBlades,men,CONTROLBAR:ConstructGondorFighterHorde,basic,2
CONTROLBAR:PurchaseUpgradeGondorHeavyArmor,men,CONTROLBAR:ConstructGondorFighterHorde,basic,2
CONTROLBAR:PurchaseUpgradeGondorBasicTraining,men,CONTROLBAR:ConstructGondorFighterHorde,basic,2
CONTROLBAR:ConstructGondorShieldGuardHorde,men,CONTROLBAR:ConstructMenBarracks,basic,1
CONTROLBAR:TogglePorcupineFormation,men,CONTROLBAR:ConstructGondorShieldGuardHorde,basic,2
CONTROLBAR:ToggleLineFormation,men,CONTROLBAR:ConstructGondorShieldGuardHorde,basic,2
CONTROLBAR:PurchaseUpgradeGondorForgedBlades,men,CONTROLBAR:ConstructGondorShieldGuardHorde,basic,2
CONTROLBAR:PurchaseUpgradeGondorHeavyArmor,men,CONTROLBAR:ConstructGondorShieldGuardHorde,basic,2
CONTROLBAR:PurchaseUpgradeGondorBasicTraining,men,CONTROLBAR:ConstructGondorShieldGuardHorde,basic,2
CONTROLBAR:PurchaseTechnologyGondorBasicTraining,men,CONTROLBAR:ConstructMenBarracks,basic,1
CONTROLBAR:ConstructGondorBarracks2Upgrade,men,CONTROLBAR:ConstructMenBarracks,basic,1
CONTROLBAR:ConstructGondorBarracksLevel3Upgrade,men,CONTROLBAR:ConstructMenBarracks,basic,1
CONTROLBAR:ConstructMenArcheryRange,men,,basic,0
CONTROLBAR:ConstructGondorArcherHorde,men,CONTROLBAR:ConstructMenArcheryRange,basic,1
CONTROLBAR:ArcherBarrage,men,CONTROLBAR:ConstructGondorArcherHorde,basic,2
CONTROLBAR:FireArrowUpgrade,men,CONTROLBAR:ConstructGondorArcherHorde,basic,2
CONTROLBAR:PurchaseUpgradeGondorHeavyArmor,men,CONTROLBAR:ConstructGondorArcherHorde,basic,2
CONTROLBAR:PurchaseUpgradeGondorBasicTraining,men,CONTROLBAR:ConstructGondorArcherHorde,basic,2
CONTROLBAR:ConstructGondorRangerHorde,men,CONTROLBAR:ConstructMenArcheryRange,basic,1
CONTROLBAR:ArcherBarrage,men,CONTROLBAR:ConstructGondorRangerHorde,basic,2
CONTROLBAR:FireArrowUpgrade,men,CONTROLBAR:ConstructGondorRangerHorde,basic,2
CONTROLBAR:MenLongShotAbility,men,CONTROLBAR:ConstructGondorRangerHorde,basic,2
CONTROLBAR:PurchaseUpgradeGondorBasicTraining,men,CONTROLBAR:ConstructGondorRangerHorde,basic,2
CONTROLBAR:PurchaseTechnologyGondorFireArrows,men,CONTROLBAR:ConstructMenArcheryRange,basic,1
CONTROLBAR:ConstructGondorArcheryRangeLevel2Upgrade,men,CONTROLBAR:ConstructMenArcheryRange,basic,1
CONTROLBAR:ConstructGondorArcheryRangeLevel3Upgrade,men,CONTROLBAR:ConstructMenArcheryRange,basic,1
CONTROLBAR:ConstructMenStable,men,,basic,0
CONTROLBAR:ConstructGondorKnightHorde,men,CONTROLBAR:ConstructMenStable,basic,1
CONTROLBAR:PurchaseUpgradeGondorForgedBlades,men,CONTROLBAR:ConstructGondorKnightHorde,basic,2
CONTROLBAR:PurchaseUpgradeGondorHeavyArmor,men,CONTROLBAR:ConstructGondorKnightHorde,basic,2
CONTROLBAR:PurchaseUpgradeGondorBasicTraining,men,CONTROLBAR:ConstructGondorKnightHorde,basic,2
CONTROLBAR:ConstructRohanRohirrimHorde,men,CONTROLBAR:ConstructMenStable,basic,1
CONTROLBAR:ToggleRohirrimWeapons,men,CONTROLBAR:ConstructRohanRohirrimHorde,basic,2
CONTROLBAR:FireArrowUpgrade,men,CONTROLBAR:ConstructRohanRohirrimHorde,basic,2
CONTROLBAR:PurchaseUpgradeGondorForgedBlades,men,CONTROLBAR:ConstructRohanRohirrimHorde,basic,2
CONTROLBAR:PurchaseUpgradeGondorHeavyArmor,men,CONTROLBAR:ConstructRohanRohirrimHorde,basic,2
CONTROLBAR:PurchaseUpgradeGondorBasicTraining,men,CONTROLBAR:ConstructRohanRohirrimHorde,basic,2
CONTROLBAR:ConstructGondorStable2Upgrade,men,CONTROLBAR:ConstructMenStable,basic,1
CONTROLBAR:ConstructGondorStableLevel3Upgrade,men,CONTROLBAR:ConstructMenStable,basic,1
CONTROLBAR:ConstructMenWorkshop,men,,basic,0
CONTROLBAR:ConstructGondorTrebuchet,men,CONTROLBAR:ConstructMenWorkshop,basic,1
CONTROLBAR:NoAutoAcquire,men,CONTROLBAR:ConstructGondorTrebuchet,basic,2
CONTROLBAR:AutoAcquire,men,CONTROLBAR:ConstructGondorTrebuchet,basic,2
CONTROLBAR:PurchaseUpgradeGondorFireStones,men,CONTROLBAR:ConstructGondorTrebuchet,basic,2
CONTROLBAR:ToggleTrebWeapon,men,CONTROLBAR:ConstructGondorTrebuchet,basic,2
CONTROLBAR:StopBombard,men,CONTROLBAR:ConstructGondorTrebuchet,basic,2
CONTROLBAR:PurchaseTechnologyGondorFireStones,men,CONTROLBAR:ConstructMenWorkshop,basic,1
CONTROLBAR:ConstructGondorWorkshop2Upgrade,men,CONTROLBAR:ConstructMenWorkshop,basic,1
CONTROLBAR:ConstructGondorWorkshopLevel3Upgrade,men,CONTROLBAR:ConstructMenWorkshop,basic,1
CONTROLBAR:ConstructMenSentryTower,men,,basic,0
CONTROLBAR:GarrisonExit,men,CONTROLBAR:ConstructMenSentryTower,basic,1
CONTROLBAR:EvacuateAll,men,CONTROLBAR:ConstructMenSentryTower,basic,1
CONTROLBAR:PurchaseUpgradeSentryTowerFireArrows,men,CONTROLBAR:ConstructMenSentryTower,basic,1
CONTROLBAR:ConstructMenWell,men,,basic,0
CONTROLBAR:ConstructMenStatue,men,,basic,0
CONTROLBAR:ConstructMenBlacksmith,men,,basic,0
CONTROLBAR:PurchaseTechnologyGondorForgedBlades,men,CONTROLBAR:ConstructMenBlacksmith,basic,1
CONTROLBAR:PurchaseTechnologyGondorHeavyArmor,men,CONTROLBAR:ConstructMenBlacksmith,basic,1
CONTROLBAR:PurchaseTechnologyGondorIronOre,men,CONTROLBAR:ConstructMenBlacksmith,basic,1
CONTROLBAR:ConstructGondorForgeLevel2Upgrade,men,CONTROLBAR:ConstructMenBlacksmith,basic,1
CONTROLBAR:ConstructGondorForgeLevel3Upgrade,men,CONTROLBAR:ConstructMenBlacksmith,basic,1
CONTROLBAR:ConstructMenMarketPlace,men,,basic,0
CONTROLBAR:ConstructSiegeMaterialsUpgrade,men,CONTROLBAR:ConstructMenMarketPlace,basic,1
CONTROLBAR:ConstructIronOreUpgrade,men,CONTROLBAR:ConstructMenMarketPlace,basic,1
CONTROLBAR:ConstructGrandHarvestUpgrade,men,CONTROLBAR:ConstructMenMarketPlace,basic,1
CONTROLBAR:ConstructMenWallHub,men,,basic,0
CONTROLBAR:Command_GondorCastleWallHub_BeginWallSpan,men,CONTROLBAR:ConstructMenWallHub,basic,1
CONTROLBAR:Command_MenWallUpgradeToHub,men,CONTROLBAR:ConstructMenWallHub,basic,1
CONTROLBAR:Command_MenWallUpgradeToRegularGate,men,CONTROLBAR:ConstructMenWallHub,basic,1
CONTROLBAR:ToggleGateOpenClose,men,CONTROLBAR:Command_MenWallUpgradeToRegularGate,basic,2
CONTROLBAR:Command_MenWallUpgradeToPosternGate,men,CONTROLBAR:ConstructMenWallHub,basic,1
CONTROLBAR:Command_MenWallUpgradeToTower,men,CONTROLBAR:ConstructMenWallHub,basic,1
CONTROLBAR:Command_MenWallUpgradeToTrebuchet,men,CONTROLBAR:ConstructMenWallHub,basic,1
CONTROLBAR:ConstructMenFortress,men,,basic,0
CONTROLBAR:ConstructMenPorter,men,CONTROLBAR:ConstructMenFortress,basic,1
CONTROLBAR:SelectRevivablesMenFortress,men,CONTROLBAR:ConstructMenFortress,basic,1
CONTROLBAR:GondorBoromirHotkey,men,CONTROLBAR:SelectRevivablesMenFortress,basic,2
CONTROLBAR:HornofGondor,men,CONTROLBAR:GondorBoromirHotkey,basic,3
CONTROLBAR:CaptainofGondorBoromir,men,CONTROLBAR:GondorBoromirHotkey,basic,3
CONTROLBAR:RohanTheodenHotkey,men,CONTROLBAR:SelectRevivablesMenFortress,basic,2
CONTROLBAR:TheodenMount,men,CONTROLBAR:RohanTheodenHotkey,basic,3
CONTROLBAR:KingsFavor,men,CONTROLBAR:RohanTheodenHotkey,basic,3
CONTROLBAR:GloriousCharge,men,CONTROLBAR:RohanTheodenHotkey,basic,3
CONTROLBAR:RohanEowynHotkey,men,CONTROLBAR:SelectRevivablesMenFortress,basic,2
CONTROLBAR:TheodenMount,men,CONTROLBAR:RohanEowynHotkey,basic,3
CONTROLBAR:Smite,men,CONTROLBAR:RohanEowynHotkey,basic,3
CONTROLBAR:Disguise,men,CONTROLBAR:RohanEowynHotkey,basic,3
CONTROLBAR:ShieldMaiden,men,CONTROLBAR:RohanEowynHotkey,basic,3
CONTROLBAR:GondorFaramirHotkey,men,CONTROLBAR:SelectRevivablesMenFortress,basic,2
CONTROLBAR:ToggleFaramirWeapons,men,CONTROLBAR:GondorFaramirHotkey,basic,3
CONTROLBAR:WoundingArrow,men,CONTROLBAR:GondorFaramirHotkey,basic,3
CONTROLBAR:FaramirKnightRanger,men,CONTROLBAR:GondorFaramirHotkey,basic,3
CONTROLBAR:CaptainofGondor,men,CONTROLBAR:GondorFaramirHotkey,basic,3
CONTROLBAR:RohanEomerHotkey,men,CONTROLBAR:SelectRevivablesMenFortress,basic,2
CONTROLBAR:TheodenMount,men,CONTROLBAR:RohanEomerHotkey,basic,3
CONTROLBAR:ThrowSpear,men,CONTROLBAR:RohanEomerHotkey,basic,3
CONTROLBAR:GondorAragornHotkey,men,CONTROLBAR:SelectRevivablesMenFortress,basic,2
CONTROLBAR:Athelas,men,CONTROLBAR:GondorAragornHotkey,basic,3
CONTROLBAR:BladeMaster,men,CONTROLBAR:GondorAragornHotkey,basic,3
CONTROLBAR:Elendil,men,CONTROLBAR:GondorAragornHotkey,basic,3
CONTROLBAR:Oathbreakers,men,CONTROLBAR:GondorAragornHotkey,basic,3
CONTROLBAR:GandalfTheWhiteHotkey,men,CONTROLBAR:SelectRevivablesMenFortress,basic,2
CONTROLBAR:WizardBlast,men,CONTROLBAR:GandalfTheWhiteHotkey,basic,3
CONTROLBAR:LightningSword,men,CONTROLBAR:GandalfTheWhiteHotkey,basic,3
CONTROLBAR:Shadowfax,men,CONTROLBAR:GandalfTheWhiteHotkey,basic,3
CONTROLBAR:IstariLight,men,CONTROLBAR:GandalfTheWhiteHotkey,basic,3
CONTROLBAR:WordofPower,men,CONTROLBAR:GandalfTheWhiteHotkey,basic,3
CONTROLBAR:SelectUpgradesMenFortress,men,CONTROLBAR:ConstructMenFortress,basic,1
CONTROLBAR:PurchaseUpgradeMenFortressBanners,men,CONTROLBAR:SelectUpgradesMenFortress,basic,2
CONTROLBAR:PurchaseUpgradeMenFortressHouseOfHealing,men,CONTROLBAR:SelectUpgradesMenFortress,basic,2
CONTROLBAR:PurchaseUpgradeMenFortressIvoryTower,men,CONTROLBAR:SelectUpgradesMenFortress,basic,2
CONTROLBAR:PurchaseUpgradeMenFortressBoilingOil,men,CONTROLBAR:SelectUpgradesMenFortress,basic,2
CONTROLBAR:PurchaseUpgradeMenFortressNumenorStonework,men,CONTROLBAR:SelectUpgradesMenFortress,basic,2
CONTROLBAR:PurchaseUpgradeMenFortressFlamingMunitions,men,CONTROLBAR:SelectUpgradesMenFortress,basic,2
CONTROLBAR:FireWeaponMenFortressBoilingOil,men,CONTROLBAR:ConstructMenFortress,basic,1
CONTROLBAR:IvoryTowerVision,men,CONTROLBAR:ConstructMenFortress,basic,1
OBJECT:MenBuildingFoundation,men,CONTROLBAR:ConstructMenFortress,basic,1
CONTROLBAR:Command_ConstructMenWallHubExpansion,men,OBJECT:MenBuildingFoundation,basic,2
CONTROLBAR:ConstructMenDormitory,men,OBJECT:MenBuildingFoundation,basic,2
CONTROLBAR:GarrisonExit,men,CONTROLBAR:ConstructMenDormitory,basic,3
CONTROLBAR:EvacuateAll,men,CONTROLBAR:ConstructMenDormitory,basic,3
CONTROLBAR:ConstructMenArrowTowerExpansion,men,OBJECT:MenBuildingFoundation,basic,2
CONTROLBAR:ConstructMenTrebuchetExpansion,men,OBJECT:MenBuildingFoundation,basic,2
OBJECT:InnTavern,men,,inn,0
CONTROLBAR:ConstructSindarWarriorHorde,men,OBJECT:InnTavern,inn,1
CONTROLBAR:ToggleElvenWarriorWeapons,men,CONTROLBAR:ConstructSindarWarriorHorde,inn,2
CONTROLBAR:FireArrowUpgrade,men,CONTROLBAR:ConstructSindarWarriorHorde,inn,2
CONTROLBAR:PurchaseUpgradeGondorForgedBlades,men,CONTROLBAR:ConstructSindarWarriorHorde,inn,2
CONTROLBAR:PurchaseUpgradeGondorHeavyArmor,men,CONTROLBAR:ConstructSindarWarriorHorde,inn,2
CONTROLBAR:PurchaseUpgradeGondorBasicTraining,men,CONTROLBAR:ConstructSindarWarriorHorde,inn,2
CONTROLBAR:GoodPlayerExperienceMenu,men,,power,0
CONTROLBAR:SummonHobbitAllies,men,CONTROLBAR:GoodPlayerExperienceMenu,power,1
OBJECT:HordeHobbits,men,CONTROLBAR:SummonHobbitAllies,power,2
CONTROLBAR:tooltipCommand_ToggleEntRockThrow,men,OBJECT:HordeHobbits,power,3
CONTROLBAR:UseSword,men,OBJECT:HordeHobbits,power,3
OBJECT:RohanFrodo,men,CONTROLBAR:SummonHobbitAllies,power,2
CONTROLBAR:tooltipCommand_ToggleEntRockThrow,men,OBJECT:RohanFrodo,power,3
CONTROLBAR:UseSword,men,OBJECT:RohanFrodo,power,3
CONTROLBAR:PhialofGaladriel,men,OBJECT:RohanFrodo,power,3
OBJECT:RohanSam,men,CONTROLBAR:SummonHobbitAllies,power,2
CONTROLBAR:tooltipCommand_ToggleEntRockThrow,men,OBJECT:RohanSam,power,3
CONTROLBAR:UseSword,men,OBJECT:RohanSam,power,3
CONTROLBAR:ElvenCloak,men,OBJECT:RohanSam,power,3
OBJECT:RohanMerry,men,CONTROLBAR:SummonHobbitAllies,power,2
CONTROLBAR:tooltipCommand_ToggleEntRockThrow,men,OBJECT:RohanMerry,power,3
CONTROLBAR:UseSword,men,OBJECT:RohanMerry,power,3
CONTROLBAR:ElvenCloak,men,OBJECT:RohanMerry,power,3
OBJECT:RohanPippin,men,CONTROLBAR:SummonHobbitAllies,power,2
CONTROLBAR:tooltipCommand_ToggleEntRockThrow,men,OBJECT:RohanPippin,power,3
CONTROLBAR:UseSword,men,OBJECT:RohanPippin,power,3
CONTROLBAR:ElvenCloak,men,OBJECT:RohanPippin,power,3
OBJECT:TomBombadil,men,CONTROLBAR:GoodPlayerExperienceMenu,power,1
CONTROLBAR:SonicSong,men,OBJECT:TomBombadil,power,2
CONTROLBAR:ConstructElvenMallornTree,elves,,basic,0
CONTROLBAR:ConstructElvenBarracks,elves,,basic,0
CONTROLBAR:ConstructElvenLorienWarriorHorde,elves,CONTROLBAR:ConstructElvenBarracks,basic,1
CONTROLBAR:PurchaseUpgradeElvenForgedBlades,elves,CONTROLBAR:ConstructElvenLorienWarriorHorde,basic,2
CONTROLBAR:PurchaseUpgradeElvenHeavyArmor,elves,CONTROLBAR:ConstructElvenLorienWarriorHorde,basic,2
CONTROLBAR:PurchaseUpgradeElderRacesBasicTraining,elves,CONTROLBAR:ConstructElvenLorienWarriorHorde,basic,2
CONTROLBAR:ConstructElvenLorienArcherHorde,elves,CONTROLBAR:ConstructElvenBarracks,basic,1
CONTROLBAR:PurchaseUpgradeElvenSilverthornArrows,elves,CONTROLBAR:ConstructElvenLorienArcherHorde,basic,2
CONTROLBAR:PurchaseUpgradeElvenHeavyArmor,elves,CONTROLBAR:ConstructElvenLorienArcherHorde,basic,2
CONTROLBAR:PurchaseUpgradeElderRacesBasicTraining,elves,CONTROLBAR:ConstructElvenLorienArcherHorde,basic,2
CONTROLBAR:ArcherBarrage,elves,CONTROLBAR:ConstructElvenLorienArcherHorde,basic,2
CONTROLBAR:ConstructElvenMithlondSentryHorde,elves,CONTROLBAR:ConstructElvenBarracks,basic,1
CONTROLBAR:PurchaseUpgradeElvenForgedBlades,elves,CONTROLBAR:ConstructElvenMithlondSentryHorde,basic,2
CONTROLBAR:PurchaseUpgradeElvenHeavyArmor,elves,CONTROLBAR:ConstructElvenMithlondSentryHorde,basic,2
CONTROLBAR:PurchaseUpgradeElderRacesBasicTraining,elves,CONTROLBAR:ConstructElvenMithlondSentryHorde,basic,2
CONTROLBAR:TogglePorcupineFormation,elves,CONTROLBAR:ConstructElvenMithlondSentryHorde,basic,2
CONTROLBAR:ToggleLineFormation,elves,CONTROLBAR:ConstructElvenMithlondSentryHorde,basic,2
CONTROLBAR:ConstructElvenMirkwoodArcherHorde,elves,CONTROLBAR:ConstructElvenBarracks,basic,1
CONTROLBAR:ArcherBarrage,elves,CONTROLBAR:ConstructElvenMirkwoodArcherHorde,basic,2
CONTROLBAR:ElvenCloak,elves,CONTROLBAR:ConstructElvenMirkwoodArcherHorde,basic,2
CONTROLBAR:PurchaseUpgradeElvenSilverthornArrows,elves,CONTROLBAR:ConstructElvenMirkwoodArcherHorde,basic,2
CONTROLBAR:PurchaseUpgradeElderRacesBasicTraining,elves,CONTROLBAR:ConstructElvenMirkwoodArcherHorde,basic,2
CONTROLBAR:PurchaseUpgradeElvenBarracksLevel2,elves,CONTROLBAR:ConstructElvenBarracks,basic,1
CONTROLBAR:PurchaseUpgradeElvenBarracksLevel3,elves,CONTROLBAR:ConstructElvenBarracks,basic,1
CONTROLBAR:ConstructElvenStable,elves,,basic,0
CONTROLBAR:BuildElvenRivendellLancers,elves,CONTROLBAR:ConstructElvenStable,basic,1
CONTROLBAR:PurchaseUpgradeElvenForgedBlades,elves,CONTROLBAR:BuildElvenRivendellLancers,basic,2
CONTROLBAR:PurchaseUpgradeElvenHeavyArmor,elves,CONTROLBAR:BuildElvenRivendellLancers,basic,2
CONTROLBAR:PurchaseUpgradeElderRacesBasicTraining,elves,CONTROLBAR:BuildElvenRivendellLancers,basic,2
CONTROLBAR:ConstructElvenGreenPastureLevel2Upgrade,elves,CONTROLBAR:ConstructElvenStable,basic,1
CONTROLBAR:ConstructElvenGreenPastureLevel3Upgrade,elves,CONTROLBAR:ConstructElvenStable,basic,1
CONTROLBAR:ConstructEntMoot,elves,,basic,0
CONTROLBAR:ConstructEnt,elves,CONTROLBAR:ConstructEntMoot,basic,1
CONTROLBAR:KickAndPunch,elves,CONTROLBAR:ConstructEnt,basic,2
CONTROLBAR:ThrowRocks,elves,CONTROLBAR:ConstructEnt,basic,2
CONTROLBAR:ConstructTreebeard,elves,CONTROLBAR:ConstructEntMoot,basic,1
CONTROLBAR:KickAndPunch,elves,CONTROLBAR:ConstructTreebeard,basic,2
CONTROLBAR:ThrowRocks,elves,CONTROLBAR:ConstructTreebeard,basic,2
CONTROLBAR:ToggleTrebWeapon,elves,CONTROLBAR:ConstructTreebeard,basic,2
CONTROLBAR:StopBombard,elves,CONTROLBAR:ConstructTreebeard,basic,2
CONTROLBAR:ConstructElvenBattleTower,elves,,basic,0
CONTROLBAR:GarrisonExit,elves,CONTROLBAR:ConstructElvenBattleTower,basic,1
CONTROLBAR:PurchaseUpgradeElvenSilverthornArrows,elves,CONTROLBAR:ConstructElvenBattleTower,basic,1
CONTROLBAR:ConstructGaladrielsWell,elves,,basic,0
CONTROLBAR:ConstructElvenStatue,elves,,basic,0
CONTROLBAR:ConstructEregionForge,elves,,basic,0
CONTROLBAR:PurchaseTechnologyElvenBasicTraining,elves,CONTROLBAR:ConstructEregionForge,basic,1
CONTROLBAR:PurchaseTechnologyElvenHeavyArmor,elves,CONTROLBAR:ConstructEregionForge,basic,1
CONTROLBAR:PurchaseTechnologyElvenForgedBlades,elves,CONTROLBAR:ConstructEregionForge,basic,1
CONTROLBAR:PurchaseTechnologyElvenSilverthornArrows,elves,CONTROLBAR:ConstructEregionForge,basic,1
CONTROLBAR:PurchaseUpgradeEregionForgeLevel2,elves,CONTROLBAR:ConstructEregionForge,basic,1
CONTROLBAR:PurchaseUpgradeEregionForgeLevel3,elves,CONTROLBAR:ConstructEregionForge,basic,1
CONTROLBAR:ConstructElvenWallHub,elves,,basic,0
CONTROLBAR:Command_ElvenCastleWallHub_BeginWallSpan,elves,CONTROLBAR:ConstructElvenWallHub,basic,1
CONTROLBAR:Command_ElvenWallUpgradeToHub,elves,CONTROLBAR:ConstructElvenWallHub,basic,1
CONTROLBAR:Command_ElvenWallUpgradeToRegularGate,elves,CONTROLBAR:ConstructElvenWallHub,basic,1
CONTROLBAR:ToggleGateOpenClose,elves,CONTROLBAR:Command_ElvenWallUpgradeToRegularGate,basic,2
CONTROLBAR:ConstructElvenFortress,elves,,basic,0
CONTROLBAR:ConstructElvenPorter,elves,CONTROLBAR:ConstructElvenFortress,basic,1
CONTROLBAR:SelectRevivablesElvenFortress,elves,CONTROLBAR:ConstructElvenFortress,basic,1
CONTROLBAR:ElvenArwenHotkey,elves,CONTROLBAR:SelectRevivablesElvenFortress,basic,2
CONTROLBAR:TheodenMount,elves,CONTROLBAR:ElvenArwenHotkey,basic,3
CONTROLBAR:PersonalFlood,elves,CONTROLBAR:ElvenArwenHotkey,basic,3
CONTROLBAR:ElvenGrace,elves,CONTROLBAR:ElvenArwenHotkey,basic,3
CONTROLBAR:ElvenHaldirHotkey,elves,CONTROLBAR:SelectRevivablesElvenFortress,basic,2
CONTROLBAR:ToggleElvenWarriorWeapons,elves,CONTROLBAR:ElvenHaldirHotkey,basic,3
CONTROLBAR:HaldirGoldenArrow,elves,CONTROLBAR:ElvenHaldirHotkey,basic,3
CONTROLBAR:ElvenGlorfindelHotkey,elves,CONTROLBAR:SelectRevivablesElvenFortress,basic,2
CONTROLBAR:TheodenMount,elves,CONTROLBAR:ElvenGlorfindelHotkey,basic,3
CONTROLBAR:GlorfindelBladeOfPurity,elves,CONTROLBAR:ElvenGlorfindelHotkey,basic,3
CONTROLBAR:GlorfindelWindRider,elves,CONTROLBAR:ElvenGlorfindelHotkey,basic,3
CONTROLBAR:GlorfindelStarlight,elves,CONTROLBAR:ElvenGlorfindelHotkey,basic,3
CONTROLBAR:RohanLegolasHotkey,elves,CONTROLBAR:SelectRevivablesElvenFortress,basic,2
CONTROLBAR:HawkStrike,elves,CONTROLBAR:RohanLegolasHotkey,basic,3
CONTROLBAR:TrainArchers,elves,CONTROLBAR:RohanLegolasHotkey,basic,3
CONTROLBAR:KnifeFighter,elves,CONTROLBAR:RohanLegolasHotkey,basic,3
CONTROLBAR:ArrowWind,elves,CONTROLBAR:RohanLegolasHotkey,basic,3
CONTROLBAR:ElvenThranduilHotkey,elves,CONTROLBAR:SelectRevivablesElvenFortress,basic,2
CONTROLBAR:DeadEye,elves,CONTROLBAR:ElvenThranduilHotkey,basic,3
CONTROLBAR:WildWalk,elves,CONTROLBAR:ElvenThranduilHotkey,basic,3
CONTROLBAR:MoveUnseen,elves,CONTROLBAR:ElvenThranduilHotkey,basic,3
CONTROLBAR:ThornofVengeance,elves,CONTROLBAR:ElvenThranduilHotkey,basic,3
CONTROLBAR:ElvenElrondHotkey,elves,CONTROLBAR:SelectRevivablesElvenFortress,basic,2
CONTROLBAR:ElrondFarsight,elves,CONTROLBAR:ElvenElrondHotkey,basic,3
CONTROLBAR:ElvenGrace,elves,CONTROLBAR:ElvenElrondHotkey,basic,3
CONTROLBAR:ElrondRestoration,elves,CONTROLBAR:ElvenElrondHotkey,basic,3
CONTROLBAR:ElrondWhirlwind,elves,CONTROLBAR:ElvenElrondHotkey,basic,3
CONTROLBAR:SelectUpgradesElvenFortress,elves,CONTROLBAR:ConstructElvenFortress,basic,1
CONTROLBAR:PurchaseUpgradeElvenFortressEnchantedAnvil,elves,CONTROLBAR:SelectUpgradesElvenFortress,basic,2
CONTROLBAR:PurchaseUpgradeElvenFortressMysticFountains,elves,CONTROLBAR:SelectUpgradesElvenFortress,basic,2
CONTROLBAR:PurchaseUpgradeElvenFortressBlessedMist,elves,CONTROLBAR:SelectUpgradesElvenFortress,basic,2
CONTROLBAR:PurchaseUpgradeElvenFortressCrystalMoat,elves,CONTROLBAR:SelectUpgradesElvenFortress,basic,2
CONTROLBAR:PurchaseUpgradeElvenFortressEncasingVines,elves,CONTROLBAR:SelectUpgradesElvenFortress,basic,2
CONTROLBAR:PurchaseUpgradeElvenFortressEaglesNest,elves,CONTROLBAR:SelectUpgradesElvenFortress,basic,2
CONTROLBAR:PurchaseElvenEagle,elves,CONTROLBAR:ConstructElvenFortress,basic,1
OBJECT:ElvenBuildingFoundation,elves,CONTROLBAR:ConstructElvenFortress,basic,1
CONTROLBAR:Command_ConstructElvenWallHubExpansionCastle,elves,OBJECT:ElvenBuildingFoundation,basic,2
CONTROLBAR:ConstructElvenWatchtowerExpansion,elves,OBJECT:ElvenBuildingFoundation,basic,2
CONTROLBAR:ConstructElvenVigilantEntExpansion,elves,OBJECT:ElvenBuildingFoundation,basic,2
CONTROLBAR:ConstructElvenFloodgateExpansion,elves,OBJECT:ElvenBuildingFoundation,basic,2
OBJECT:InnTavern,elves,,inn,0
CONTROLBAR:ConstructRohanPeasant,elves,OBJECT:InnTavern,inn,1
CONTROLBAR:GoodPlayerExperienceMenu,elves,,power,0
OBJECT:TomBombadil,elves,CONTROLBAR:GoodPlayerExperienceMenu,power,1
CONTROLBAR:SonicSong,elves,OBJECT:TomBombadil,power,2
CONTROLBAR:ConstructDwarvenMineShaft,dwarves,,basic,0
CONTROLBAR:GarrisonExit,dwarves,CONTROLBAR:ConstructDwarvenMineShaft,basic,1
CONTROLBAR:EvacuateAll,dwarves,CONTROLBAR:ConstructDwarvenMineShaft,basic,1
CONTROLBAR:ConstructDwarvenBarracks,dwarves,,basic,0
CONTROLBAR:ConstructDwarvenGuardianHorde,dwarves,CONTROLBAR:ConstructDwarvenBarracks,basic,1
CONTROLBAR:DwarvenGuardianChargeAttack,dwarves,CONTROLBAR:ConstructDwarvenGuardianHorde,basic,2
CONTROLBAR:PurchaseUpgradeDwarvenMithrilMail,dwarves,CONTROLBAR:ConstructDwarvenGuardianHorde,basic,2
CONTROLBAR:PurchaseUpgradeDwarvenForgedBlades,dwarves,CONTROLBAR:ConstructDwarvenGuardianHorde,basic,2
CONTROLBAR:PurchaseUpgradeDwarvenBasicTraining,dwarves,CONTROLBAR:ConstructDwarvenGuardianHorde,basic,2
CONTROLBAR:PurchaseUpgradeDwarvenSiegeHammer,dwarves,CONTROLBAR:ConstructDwarvenGuardianHorde,basic,2
CONTROLBAR:ConstructDwarvenPhalanxHorde,dwarves,CONTROLBAR:ConstructDwarvenBarracks,basic,1
CONTROLBAR:TogglePorcupineFormation,dwarves,CONTROLBAR:ConstructDwarvenPhalanxHorde,basic,2
CONTROLBAR:ToggleLineFormation,dwarves,CONTROLBAR:ConstructDwarvenPhalanxHorde,basic,2
CONTROLBAR:PurchaseUpgradeDwarvenMithrilMail,dwarves,CONTROLBAR:ConstructDwarvenPhalanxHorde,basic,2
CONTROLBAR:PurchaseUpgradeDwarvenForgedBlades,dwarves,CONTROLBAR:ConstructDwarvenPhalanxHorde,basic,2
CONTROLBAR:PurchaseUpgradeDwarvenBasicTraining,dwarves,CONTROLBAR:ConstructDwarvenPhalanxHorde,basic,2
CONTROLBAR:UpgradeDwarvenBarracksLevel2,dwarves,CONTROLBAR:ConstructDwarvenBarracks,basic,1
CONTROLBAR:UpgradeDwarvenBarracksLevel3,dwarves,CONTROLBAR:ConstructDwarvenBarracks,basic,1
CONTROLBAR:ConstructDwarvenArcheryRange,dwarves,,basic,0
CONTROLBAR:ConstructDwarvenAxeThrowerHorde,dwarves,CONTROLBAR:ConstructDwarvenArcheryRange,basic,1
CONTROLBAR:ArcherBarrage,dwarves,CONTROLBAR:ConstructDwarvenAxeThrowerHorde,basic,2
CONTROLBAR:PurchaseUpgradeDwarvenMithrilMail,dwarves,CONTROLBAR:ConstructDwarvenAxeThrowerHorde,basic,2
CONTROLBAR:PurchaseUpgradeDwarvenForgedBlades,dwarves,CONTROLBAR:ConstructDwarvenAxeThrowerHorde,basic,2
CONTROLBAR:PurchaseUpgradeDwarvenBasicTraining,dwarves,CONTROLBAR:ConstructDwarvenAxeThrowerHorde,basic,2
CONTROLBAR:ConstructDwarvenMenOfDale,dwarves,CONTROLBAR:ConstructDwarvenArcheryRange,basic,1
CONTROLBAR:ArcherBarrage,dwarves,CONTROLBAR:ConstructDwarvenMenOfDale,basic,2
CONTROLBAR:BlackArrows,dwarves,CONTROLBAR:ConstructDwarvenMenOfDale,basic,2
CONTROLBAR:PurchaseUpgradeDwarvenMithrilMail,dwarves,CONTROLBAR:ConstructDwarvenMenOfDale,basic,2
CONTROLBAR:FireArrowUpgrade,dwarves,CONTROLBAR:ConstructDwarvenMenOfDale,basic,2
CONTROLBAR:PurchaseUpgradeDwarvenBasicTraining,dwarves,CONTROLBAR:ConstructDwarvenMenOfDale,basic,2
CONTROLBAR:PurchaseTechnologyRohanFireArrows,dwarves,CONTROLBAR:ConstructDwarvenArcheryRange,basic,1
CONTROLBAR:ConstructDwarvenArcheryRangeLevel2Upgrade,dwarves,CONTROLBAR:ConstructDwarvenArcheryRange,basic,1
CONTROLBAR:ConstructDwarvenArcheryRangeLevel3Upgrade,dwarves,CONTROLBAR:ConstructDwarvenArcheryRange,basic,1
CONTROLBAR:ConstructDwarvenForgeWorks,dwarves,,basic,0
CONTROLBAR:ConstructDwarvenDemolisher,dwarves,CONTROLBAR:ConstructDwarvenForgeWorks,basic,1
CONTROLBAR:SpecialAbilityDwarvenDemolisherDeploy,dwarves,CONTROLBAR:ConstructDwarvenDemolisher,basic,2
CONTROLBAR:PurchaseUpgradeDwarvenMithrilMail,dwarves,CONTROLBAR:ConstructDwarvenDemolisher,basic,2
CONTROLBAR:ConstructDwarvenBattleWagon,dwarves,CONTROLBAR:ConstructDwarvenForgeWorks,basic,1
CONTROLBAR:SpecialAbilityOilBarrels,dwarves,CONTROLBAR:ConstructDwarvenBattleWagon,basic,2
CONTROLBAR:BattleWagonUpgradeAxeThrowers,dwarves,CONTROLBAR:ConstructDwarvenBattleWagon,basic,2
CONTROLBAR:BattleWagonUpgradeMenOfDale,dwarves,CONTROLBAR:ConstructDwarvenBattleWagon,basic,2
CONTROLBAR:BattleWagonUpgradeHearth,dwarves,CONTROLBAR:ConstructDwarvenBattleWagon,basic,2
CONTROLBAR:BattleWagonUpgradeBannerCarrier,dwarves,CONTROLBAR:ConstructDwarvenBattleWagon,basic,2
CONTROLBAR:ConstructDwarvenCatapult,dwarves,CONTROLBAR:ConstructDwarvenForgeWorks,basic,1
CONTROLBAR:SpecialAbilityOilBarrels,dwarves,CONTROLBAR:ConstructDwarvenCatapult,basic,2
CONTROLBAR:ToggleTrebWeapon,dwarves,CONTROLBAR:ConstructDwarvenCatapult,basic,2
CONTROLBAR:StopBombard,dwarves,CONTROLBAR:ConstructDwarvenCatapult,basic,2
CONTROLBAR:NoAutoAcquire,dwarves,CONTROLBAR:ConstructDwarvenCatapult,basic,2
CONTROLBAR:AutoAcquire,dwarves,CONTROLBAR:ConstructDwarvenCatapult,basic,2
CONTROLBAR:PurchaseUpgradeDwarvenFlamingShot,dwarves,CONTROLBAR:ConstructDwarvenCatapult,basic,2
CONTROLBAR:PurchaseTechnologyDwarvenSiegeHammer,dwarves,CONTROLBAR:ConstructDwarvenForgeWorks,basic,1
CONTROLBAR:UpgradeDwarvenForgeWorksLevel2,dwarves,CONTROLBAR:ConstructDwarvenForgeWorks,basic,1
CONTROLBAR:UpgradeDwarvenForgeWorksLevel3,dwarves,CONTROLBAR:ConstructDwarvenForgeWorks,basic,1
CONTROLBAR:PurchaseTechnologyDwarvenFlamingShot,dwarves,CONTROLBAR:ConstructDwarvenForgeWorks,basic,1
CONTROLBAR:PurchaseTechnologyDwarvenForgedBlades,dwarves,CONTROLBAR:ConstructDwarvenForgeWorks,basic,1
CONTROLBAR:PurchaseTechnologyDwarvenMithrilMail,dwarves,CONTROLBAR:ConstructDwarvenForgeWorks,basic,1
CONTROLBAR:ConstructDwarvenSentryTower,dwarves,,basic,0
CONTROLBAR:GarrisonExit,dwarves,CONTROLBAR:ConstructDwarvenSentryTower,basic,1
CONTROLBAR:EvacuateAll,dwarves,CONTROLBAR:ConstructDwarvenSentryTower,basic,1
CONTROLBAR:PurchaseUpgradeSentryTowerForgedBlades,dwarves,CONTROLBAR:ConstructDwarvenSentryTower,basic,1
CONTROLBAR:ConstructDwarvenHearth,dwarves,,basic,0
CONTROLBAR:ConstructDwarvenStatue,dwarves,,basic,0
CONTROLBAR:ConstructDwarvenWallHub,dwarves,,basic,0
CONTROLBAR:Command_DwarvenCastleWallHub_BeginWallSpan,dwarves,CONTROLBAR:ConstructDwarvenWallHub,basic,1
CONTROLBAR:Command_DwarvenWallUpgradeToHub,dwarves,CONTROLBAR:ConstructDwarvenWallHub,basic,1
CONTROLBAR:Command_DwarvenWallUpgradeToRegularGate,dwarves,CONTROLBAR:ConstructDwarvenWallHub,basic,1
CONTROLBAR:ToggleGateOpenClose,dwarves,CONTROLBAR:Command_DwarvenWallUpgradeToRegularGate,basic,2
CONTROLBAR:Command_DwarvenWallUpgradeToPosternGate,dwarves,CONTROLBAR:ConstructDwarvenWallHub,basic,1
CONTROLBAR:Command_DwarvenWallUpgradeToTower,dwarves,CONTROLBAR:ConstructDwarvenWallHub,basic,1
CONTROLBAR:Command_DwarvenWallUpgradeToCatapult,dwarves,CONTROLBAR:ConstructDwarvenWallHub,basic,1
CONTROLBAR:ConstructDwarvenFortress,dwarves,,basic,0
CONTROLBAR:ConstructDwarvenPorter,dwarves,CONTROLBAR:ConstructDwarvenFortress,basic,1
CONTROLBAR:SelectRevivablesDwarvenFortress,dwarves,CONTROLBAR:ConstructDwarvenFortress,basic,1
CONTROLBAR:GloinHotkey,dwarves,CONTROLBAR:SelectRevivablesDwarvenFortress,basic,2
CONTROLBAR:GloinSlam,dwarves,CONTROLBAR:GloinHotkey,basic,3
CONTROLBAR:GloinShakeFoundation,dwarves,CONTROLBAR:GloinHotkey,basic,3
CONTROLBAR:GloinSmash,dwarves,CONTROLBAR:GloinHotkey,basic,3
CONTROLBAR:DwarvenDainHotkey,dwarves,CONTROLBAR:SelectRevivablesDwarvenFortress,basic,2
CONTROLBAR:MightyRage,dwarves,CONTROLBAR:DwarvenDainHotkey,basic,3
CONTROLBAR:SummonRoyalGuard,dwarves,CONTROLBAR:DwarvenDainHotkey,basic,3
CONTROLBAR:RohanGimliHotkey,dwarves,CONTROLBAR:SelectRevivablesDwarvenFortress,basic,2
CONTROLBAR:AxeThrow,dwarves,CONTROLBAR:RohanGimliHotkey,basic,3
CONTROLBAR:Leap,dwarves,CONTROLBAR:RohanGimliHotkey,basic,3
CONTROLBAR:Slayer,dwarves,CONTROLBAR:RohanGimliHotkey,basic,3
CONTROLBAR:SelectUpgradesDwarvenFortress,dwarves,CONTROLBAR:ConstructDwarvenFortress,basic,1
CONTROLBAR:PurchaseUpgradeDwarvenFortressBanners,dwarves,CONTROLBAR:SelectUpgradesDwarvenFortress,basic,2
CONTROLBAR:PurchaseUpgradeDwarvenFortressSiegeKegs,dwarves,CONTROLBAR:SelectUpgradesDwarvenFortress,basic,2
CONTROLBAR:PurchaseUpgradeDwarvenFortressFlamingMunitions,dwarves,CONTROLBAR:SelectUpgradesDwarvenFortress,basic,2
CONTROLBAR:PurchaseUpgradeDwarvenFortressOilCasks,dwarves,CONTROLBAR:SelectUpgradesDwarvenFortress,basic,2
CONTROLBAR:PurchaseUpgradeDwarvenFortressDwarvenStonework,dwarves,CONTROLBAR:SelectUpgradesDwarvenFortress,basic,2
CONTROLBAR:PurchaseUpgradeDwarvenFortressMightyCatapult,dwarves,CONTROLBAR:SelectUpgradesDwarvenFortress,basic,2
CONTROLBAR:FireWeaponDwarvenFortressOilCasks,dwarves,CONTROLBAR:ConstructDwarvenFortress,basic,1
CONTROLBAR:FireWeaponMightyCatapult,dwarves,CONTROLBAR:ConstructDwarvenFortress,basic,1
OBJECT:DwarvenBuildingFoundation,dwarves,CONTROLBAR:ConstructDwarvenFortress,basic,1
CONTROLBAR:Command_ConstructDwarvenWallHubExpansion,dwarves,OBJECT:DwarvenBuildingFoundation,basic,2
CONTROLBAR:ConstructDwarvenHallExpansion,dwarves,OBJECT:DwarvenBuildingFoundation,basic,2
CONTROLBAR:GarrisonExit,dwarves,CONTROLBAR:ConstructDwarvenHallExpansion,basic,3
CONTROLBAR:EvacuateAll,dwarves,CONTROLBAR:ConstructDwarvenHallExpansion,basic,3
CONTROLBAR:ConstructDwarvenEreborTowerTowerExpansion,dwarves,OBJECT:DwarvenBuildingFoundation,basic,2
CONTROLBAR:ConstructDwarvenCatapultExpansion,dwarves,OBJECT:DwarvenBuildingFoundation,basic,2
OBJECT:InnTavern,dwarves,,inn,0
CONTROLBAR:ConstructElvenHobbitShirrif,dwarves,OBJECT:InnTavern,inn,1
CONTROLBAR:tooltipCommand_ToggleEntRockThrow,dwarves,CONTROLBAR:ConstructElvenHobbitShirrif,inn,2
CONTROLBAR:UseSword,dwarves,CONTROLBAR:ConstructElvenHobbitShirrif,inn,2
CONTROLBAR:GoodPlayerExperienceMenu,dwarves,,power,0
CONTROLBAR:SummonHobbitAllies,dwarves,CONTROLBAR:GoodPlayerExperienceMenu,power,1
OBJECT:HordeHobbits,dwarves,CONTROLBAR:SummonHobbitAllies,power,2
CONTROLBAR:tooltipCommand_ToggleEntRockThrow,dwarves,OBJECT:HordeHobbits,power,3
CONTROLBAR:UseSword,dwarves,OBJECT:HordeHobbits,power,3
OBJECT:RohanFrodo,dwarves,CONTROLBAR:SummonHobbitAllies,power,2
CONTROLBAR:tooltipCommand_ToggleEntRockThrow,dwarves,OBJECT:RohanFrodo,power,3
CONTROLBAR:UseSword,dwarves,OBJECT:RohanFrodo,power,3
CONTROLBAR:PhialofGaladriel,dwarves,OBJECT:RohanFrodo,power,3
OBJECT:RohanSam,dwarves,CONTROLBAR:SummonHobbitAllies,power,2
CONTROLBAR:tooltipCommand_ToggleEntRockThrow,dwarves,OBJECT:RohanSam,power,3
CONTROLBAR:UseSword,dwarves,OBJECT:RohanSam,power,3
CONTROLBAR:ElvenCloak,dwarves,OBJECT:RohanSam,power,3
OBJECT:RohanMerry,dwarves,CONTROLBAR:SummonHobbitAllies,power,2
CONTROLBAR:tooltipCommand_ToggleEntRockThrow,dwarves,OBJECT:RohanMerry,power,3
CONTROLBAR:UseSword,dwarves,OBJECT:RohanMerry,power,3
CONTROLBAR:ElvenCloak,dwarves,OBJECT:RohanMerry,power,3
OBJECT:RohanPippin,dwarves,CONTROLBAR:SummonHobbitAllies,power,2
CONTROLBAR:tooltipCommand_ToggleEntRockThrow,dwarves,OBJECT:RohanPippin,power,3
CONTROLBAR:UseSword,dwarves,OBJECT:RohanPippin,power,3
CONTROLBAR:ElvenCloak,dwarves,OBJECT:RohanPippin,power,3
CONTROLBAR:ConstructFurnace,isengard,,basic,0
CONTROLBAR:ConstructIsengardLumberMill,isengard,,basic,0
CONTROLBAR:BuildMordorWorker,isengard,CONTROLBAR:ConstructIsengardLumberMill,basic,1
CONTROLBAR:GoHarvest,isengard,CONTROLBAR:BuildMordorWorker,basic,2
CONTROLBAR:ConstructIsengardUrukPit,isengard,,basic,0
CONTROLBAR:ConstructIsengardUrukHai,isengard,CONTROLBAR:ConstructIsengardUrukPit,basic,1
CONTROLBAR:ToggleBlockFormation,isengard,CONTROLBAR:ConstructIsengardUrukHai,basic,2
CONTROLBAR:ToggleLineFormation,isengard,CONTROLBAR:ConstructIsengardUrukHai,basic,2
CONTROLBAR:PurchaseUpgradeIsengardForgedBlades,isengard,CONTROLBAR:ConstructIsengardUrukHai,basic,2
CONTROLBAR:PurchaseUpgradeIsengardHeavyArmor,isengard,CONTROLBAR:ConstructIsengardUrukHai,basic,2
CONTROLBAR:PurchaseUpgradeIsengardBasicTraining,isengard,CONTROLBAR:ConstructIsengardUrukHai,basic,2
CONTROLBAR:Bloodthirsty,isengard,CONTROLBAR:ConstructIsengardUrukHai,basic,2
CONTROLBAR:ConstructIsengardCrossbowmen,isengard,CONTROLBAR:ConstructIsengardUrukPit,basic,1
CONTROLBAR:ArcherBarrage,isengard,CONTROLBAR:ConstructIsengardCrossbowmen,basic,2
CONTROLBAR:FireArrowUpgrade,isengard,CONTROLBAR:ConstructIsengardCrossbowmen,basic,2
CONTROLBAR:PurchaseUpgradeIsengardHeavyArmor,isengard,CONTROLBAR:ConstructIsengardCrossbowmen,basic,2
CONTROLBAR:PurchaseUpgradeIsengardBasicTraining,isengard,CONTROLBAR:ConstructIsengardCrossbowmen,basic,2
CONTROLBAR:ConstructIsengardPikemen,isengard,CONTROLBAR:ConstructIsengardUrukPit,basic,1
CONTROLBAR:TogglePorcupineFormation,isengard,CONTROLBAR:ConstructIsengardPikemen,basic,2
CONTROLBAR:ToggleLineFormation,isengard,CONTROLBAR:ConstructIsengardPikemen,basic,2
CONTROLBAR:PurchaseUpgradeIsengardForgedBlades,isengard,CONTROLBAR:ConstructIsengardPikemen,basic,2
CONTROLBAR:PurchaseUpgradeIsengardHeavyArmor,isengard,CONTROLBAR:ConstructIsengardPikemen,basic,2
CONTROLBAR:PurchaseUpgradeIsengardBasicTraining,isengard,CONTROLBAR:ConstructIsengardPikemen,basic,2
CONTROLBAR:ConstructIsengardBerserker,isengard,CONTROLBAR:ConstructIsengardUrukPit,basic,1
CONTROLBAR:LightTorch,isengard,CONTROLBAR:ConstructIsengardBerserker,basic,2
CONTROLBAR:ExtinguishTorch,isengard,CONTROLBAR:ConstructIsengardBerserker,basic,2
CONTROLBAR:UpgradeIsengardUrukPitLevel2,isengard,CONTROLBAR:ConstructIsengardUrukPit,basic,1
CONTROLBAR:UpgradeIsengardUrukPitLevel3,isengard,CONTROLBAR:ConstructIsengardUrukPit,basic,1
CONTROLBAR:ConstructIsengardWargPit,isengard,,basic,0
CONTROLBAR:ConstructIsengardWargRider,isengard,CONTROLBAR:ConstructIsengardWargPit,basic,1
CONTROLBAR:WargRiderHowl,isengard,CONTROLBAR:ConstructIsengardWargRider,basic,2
CONTROLBAR:PurchaseUpgradeIsengardForgedBlades,isengard,CONTROLBAR:ConstructIsengardWargRider,basic,2
CONTROLBAR:PurchaseUpgradeIsengardHeavyArmor,isengard,CONTROLBAR:ConstructIsengardWargRider,basic,2
CONTROLBAR:PurchaseUpgradeIsengardBasicTraining,isengard,CONTROLBAR:ConstructIsengardWargRider,basic,2
CONTROLBAR:UpgradeIsengardWargPitLevel2,isengard,CONTROLBAR:ConstructIsengardWargPit,basic,1
CONTROLBAR:UpgradeIsengardWargPitLevel3,isengard,CONTROLBAR:ConstructIsengardWargPit,basic,1
CONTROLBAR:ConstructIsengardSiegeWorks,isengard,,basic,0
CONTROLBAR:ConstructIsengardBatteringRam,isengard,CONTROLBAR:ConstructIsengardSiegeWorks,basic,1
CONTROLBAR:ConstructIsengardSiegeLadder,isengard,CONTROLBAR:ConstructIsengardSiegeWorks,basic,1
CONTROLBAR:SiegeRetract,isengard,CONTROLBAR:ConstructIsengardSiegeLadder,basic,2
CONTROLBAR:ConstructIsengardSiegeBallista,isengard,CONTROLBAR:ConstructIsengardSiegeWorks,basic,1
CONTROLBAR:ToggleTrebWeapon,isengard,CONTROLBAR:ConstructIsengardSiegeBallista,basic,2
CONTROLBAR:StopBombard,isengard,CONTROLBAR:ConstructIsengardSiegeBallista,basic,2
CONTROLBAR:NoAutoAcquire,isengard,CONTROLBAR:ConstructIsengardSiegeBallista,basic,2
CONTROLBAR:AutoAcquire,isengard,CONTROLBAR:ConstructIsengardSiegeBallista,basic,2
CONTROLBAR:ConstructIsengardExplosiveMine,isengard,CONTROLBAR:ConstructIsengardSiegeWorks,basic,1
CONTROLBAR:DeployMine,isengard,CONTROLBAR:ConstructIsengardExplosiveMine,basic,2
CONTROLBAR:UpgradeIsengardSiegeWorksLevel2,isengard,CONTROLBAR:ConstructIsengardSiegeWorks,basic,1
CONTROLBAR:UpgradeIsengardSiegeWorksLevel3,isengard,CONTROLBAR:ConstructIsengardSiegeWorks,basic,1
CONTROLBAR:ConstructIsengardBattleTower,isengard,,basic,0
CONTROLBAR:GarrisonExit,isengard,CONTROLBAR:ConstructIsengardBattleTower,basic,1
CONTROLBAR:EvacuateAll,isengard,CONTROLBAR:ConstructIsengardBattleTower,basic,1
CONTROLBAR:PurchaseUpgradeSentryTowerFireArrows,isengard,CONTROLBAR:ConstructIsengardBattleTower,basic,1
CONTROLBAR:ConstructIsengardWargSentry,isengard,,basic,0
CONTROLBAR:PurchaseIsengardWargSentry,isengard,CONTROLBAR:ConstructIsengardWargSentry,basic,1
CONTROLBAR:IsengardWargSentryUnleash,isengard,CONTROLBAR:ConstructIsengardWargSentry,basic,1
CONTROLBAR:ConstructIsengardArmory,isengard,,basic,0
CONTROLBAR:PurchaseTechnologyIsengardBasicTraining,isengard,CONTROLBAR:ConstructIsengardArmory,basic,1
CONTROLBAR:PurchaseTechnologyIsengardHeavyArmor,isengard,CONTROLBAR:ConstructIsengardArmory,basic,1
CONTROLBAR:PurchaseTechnologyIsengardForgedBlades,isengard,CONTROLBAR:ConstructIsengardArmory,basic,1
CONTROLBAR:PurchaseTechnologyIsengardFireArrows,isengard,CONTROLBAR:ConstructIsengardArmory,basic,1
CONTROLBAR:ConstructIsengardArmoryLevel2,isengard,CONTROLBAR:ConstructIsengardArmory,basic,1
CONTROLBAR:ConstructIsengardArmoryLevel3,isengard,CONTROLBAR:ConstructIsengardArmory,basic,1
CONTROLBAR:Command_ConstructIsengardCastleWallHub,isengard,,basic,0
CONTROLBAR:Command_IsengardCastleWallHub_BeginWallSpan,isengard,CONTROLBAR:Command_ConstructIsengardCastleWallHub,basic,1
CONTROLBAR:Command_IsengardWallUpgradeToHub,isengard,CONTROLBAR:Command_ConstructIsengardCastleWallHub,basic,1
CONTROLBAR:Command_IsengardWallUpgradeToRegularGate,isengard,CONTROLBAR:Command_ConstructIsengardCastleWallHub,basic,1
CONTROLBAR:ToggleGateOpenClose,isengard,CONTROLBAR:Command_IsengardWallUpgradeToRegularGate,basic,2
CONTROLBAR:ConstructIsengardFortress,isengard,,basic,0
CONTROLBAR:ConstructIsengardPorter,isengard,CONTROLBAR:ConstructIsengardFortress,basic,1
CONTROLBAR:SelectRevivablesIsengardFortress,isengard,CONTROLBAR:ConstructIsengardFortress,basic,1
CONTROLBAR:IsengardLurtzHotkey,isengard,CONTROLBAR:SelectRevivablesIsengardFortress,basic,2
CONTROLBAR:ToggleLurtzWeapon,isengard,CONTROLBAR:IsengardLurtzHotkey,basic,3
CONTROLBAR:SpecialAbilityLurtzCarnage,isengard,CONTROLBAR:IsengardLurtzHotkey,basic,3
CONTROLBAR:SpecialAbilityLurtzCripple,isengard,CONTROLBAR:IsengardLurtzHotkey,basic,3
CONTROLBAR:IsengardSharkuHotkey,isengard,CONTROLBAR:SelectRevivablesIsengardFortress,basic,2
CONTROLBAR:TameTheBeast,isengard,CONTROLBAR:IsengardSharkuHotkey,basic,3
CONTROLBAR:SharkuManEater,isengard,CONTROLBAR:IsengardSharkuHotkey,basic,3
CONTROLBAR:IsengardWormtongueHotkey,isengard,CONTROLBAR:SelectRevivablesIsengardFortress,basic,2
CONTROLBAR:VenomousWords,isengard,CONTROLBAR:IsengardWormtongueHotkey,basic,3
CONTROLBAR:Escape,isengard,CONTROLBAR:IsengardWormtongueHotkey,basic,3
CONTROLBAR:Backstab,isengard,CONTROLBAR:IsengardWormtongueHotkey,basic,3
CONTROLBAR:CorrodeAllegiance,isengard,CONTROLBAR:IsengardWormtongueHotkey,basic,3
CONTROLBAR:IsengardSarumanHotkey,isengard,CONTROLBAR:SelectRevivablesIsengardFortress,basic,2
CONTROLBAR:WizardBlast,isengard,CONTROLBAR:IsengardSarumanHotkey,basic,3
CONTROLBAR:SpecialAbilitySarumanFireball,isengard,CONTROLBAR:IsengardSarumanHotkey,basic,3
CONTROLBAR:SpeechCraft,isengard,CONTROLBAR:IsengardSarumanHotkey,basic,3
CONTROLBAR:Dominate,isengard,CONTROLBAR:IsengardSarumanHotkey,basic,3
CONTROLBAR:ThunderBolt,isengard,CONTROLBAR:IsengardSarumanHotkey,basic,3
CONTROLBAR:SelectUpgradesIsengardFortress,isengard,CONTROLBAR:ConstructIsengardFortress,basic,1
CONTROLBAR:PurchaseUpgradeIsengardFortressMurderOfCrows,isengard,CONTROLBAR:SelectUpgradesIsengardFortress,basic,2
CONTROLBAR:PurchaseUpgradeIsengardFortressBurningForges,isengard,CONTROLBAR:SelectUpgradesIsengardFortress,basic,2
CONTROLBAR:PurchaseUpgradeIsengardFortressExcavations,isengard,CONTROLBAR:SelectUpgradesIsengardFortress,basic,2
CONTROLBAR:PurchaseUpgradeIsengardFortressOrcfireMunitions,isengard,CONTROLBAR:SelectUpgradesIsengardFortress,basic,2
CONTROLBAR:PurchaseUpgradeIsengardFortressIronPlating,isengard,CONTROLBAR:SelectUpgradesIsengardFortress,basic,2
CONTROLBAR:PurchaseUpgradeIsengardFortressWizardsTower,isengard,CONTROLBAR:SelectUpgradesIsengardFortress,basic,2
CONTROLBAR:WizardsTowerLightningStrike,isengard,CONTROLBAR:ConstructIsengardFortress,basic,1
OBJECT:IsengardBuildingFoundation,isengard,CONTROLBAR:ConstructIsengardFortress,basic,1
CONTROLBAR:ConstructIsengardTowerExpansion,isengard,OBJECT:IsengardBuildingFoundation,basic,2
CONTROLBAR:ConstructIsengardBallistaExpansion,isengard,OBJECT:IsengardBuildingFoundation,basic,2
CONTROLBAR:ConstructIsengardMineLauncherExpansion,isengard,OBJECT:IsengardBuildingFoundation,basic,2
CONTROLBAR:ConstructIsengardWallHubExpansion,isengard,OBJECT:IsengardBuildingFoundation,basic,2
OBJECT:InnTavern,isengard,,inn,0
CONTROLBAR:ConstructMordorCorsairsOfUmbarHorde,isengard,OBJECT:InnTavern,inn,1
CONTROLBAR:ThrowFireBombs,isengard,CONTROLBAR:ConstructMordorCorsairsOfUmbarHorde,inn,2
CONTROLBAR:Knife,isengard,CONTROLBAR:ConstructMordorCorsairsOfUmbarHorde,inn,2
CONTROLBAR:ArcherBarrage,isengard,CONTROLBAR:ConstructMordorCorsairsOfUmbarHorde,inn,2
CONTROLBAR:EvilPlayerExperienceMenu,isengard,,power,0
CONTROLBAR:DragonAlly,isengard,CONTROLBAR:EvilPlayerExperienceMenu,power,1
CONTROLBAR:SpecialAbilitySummonedDragonReposition,isengard,CONTROLBAR:DragonAlly,power,2
CONTROLBAR:ConstructSlaughterHouse,mordor,,basic,0
CONTROLBAR:ConstructMordorLumberMill,mordor,,basic,0
CONTROLBAR:BuildMordorWorker,mordor,CONTROLBAR:ConstructMordorLumberMill,basic,1
CONTROLBAR:GoHarvest,mordor,CONTROLBAR:BuildMordorWorker,basic,2
CONTROLBAR:ConstructMordorOrcPit,mordor,,basic,0
CONTROLBAR:ConstructMordorOrcFighterHorde,mordor,CONTROLBAR:ConstructMordorOrcPit,basic,1
CONTROLBAR:Bloodthirsty,mordor,CONTROLBAR:ConstructMordorOrcFighterHorde,basic,2
CONTROLBAR:PurchaseUpgradeMordorBasicTraining,mordor,CONTROLBAR:ConstructMordorOrcFighterHorde,basic,2
CONTROLBAR:ConstructMordorOrcArcherHorde,mordor,CONTROLBAR:ConstructMordorOrcPit,basic,1
CONTROLBAR:PurchaseUpgradeMordorBasicTraining,mordor,CONTROLBAR:ConstructMordorOrcArcherHorde,basic,2
CONTROLBAR:FireArrowUpgrade,mordor,CONTROLBAR:ConstructMordorOrcArcherHorde,basic,2
CONTROLBAR:ArcherBarrage,mordor,CONTROLBAR:ConstructMordorOrcArcherHorde,basic,2
CONTROLBAR:PurchaseTechnologyMordorBasicTraining,mordor,CONTROLBAR:ConstructMordorOrcPit,basic,1
CONTROLBAR:UpgradeMordorOrcPitLevel2,mordor,CONTROLBAR:ConstructMordorOrcPit,basic,1
CONTROLBAR:UpgradeMordorOrcPitLevel3,mordor,CONTROLBAR:ConstructMordorOrcPit,basic,1
CONTROLBAR:ConstructMordorHaradrimPalace,mordor,,basic,0
CONTROLBAR:ConstructMordorEasterlingHorde,mordor,CONTROLBAR:ConstructMordorHaradrimPalace,basic,1
CONTROLBAR:TogglePorcupineFormation,mordor,CONTROLBAR:ConstructMordorEasterlingHorde,basic,2
CONTROLBAR:ToggleLineFormation,mordor,CONTROLBAR:ConstructMordorEasterlingHorde,basic,2
CONTROLBAR:PurchaseUpgradeMordorBasicTraining,mordor,CONTROLBAR:ConstructMordorEasterlingHorde,basic,2
CONTROLBAR:HeavyArmorUpgrade,mordor,CONTROLBAR:ConstructMordorEasterlingHorde,basic,2
CONTROLBAR:PurchaseUpgradeIsengardForgedBlades,mordor,CONTROLBAR:ConstructMordorEasterlingHorde,basic,2
CONTROLBAR:ConstructMordorHaradrimArcherHorde,mordor,CONTROLBAR:ConstructMordorHaradrimPalace,basic,1
CONTROLBAR:ArcherBarrage,mordor,CONTROLBAR:ConstructMordorHaradrimArcherHorde,basic,2
CONTROLBAR:BarbedArrows,mordor,CONTROLBAR:ConstructMordorHaradrimArcherHorde,basic,2
CONTROLBAR:PurchaseUpgradeMordorBasicTraining,mordor,CONTROLBAR:ConstructMordorHaradrimArcherHorde,basic,2
CONTROLBAR:HeavyArmorUpgrade,mordor,CONTROLBAR:ConstructMordorHaradrimArcherHorde,basic,2
CONTROLBAR:UpgradeMordorHaradrimPalaceLevel2,mordor,CONTROLBAR:ConstructMordorHaradrimPalace,basic,1
CONTROLBAR:UpgradeMordorHaradrimPalaceLevel3,mordor,CONTROLBAR:ConstructMordorHaradrimPalace,basic,1
CONTROLBAR:ConstructMordorTrollCage,mordor,,basic,0
CONTROLBAR:ConstructMordorMountainTroll,mordor,CONTROLBAR:ConstructMordorTrollCage,basic,1
CONTROLBAR:KickAndPunch,mordor,CONTROLBAR:ConstructMordorMountainTroll,basic,2
CONTROLBAR:ThrowRocks,mordor,CONTROLBAR:ConstructMordorMountainTroll,basic,2
CONTROLBAR:TrollFindTree,mordor,CONTROLBAR:ConstructMordorMountainTroll,basic,2
CONTROLBAR:TrollFindTastyOrc,mordor,CONTROLBAR:ConstructMordorMountainTroll,basic,2
CONTROLBAR:ConstructMordorDrummerTrolls,mordor,CONTROLBAR:ConstructMordorTrollCage,basic,1
CONTROLBAR:Roar,mordor,CONTROLBAR:ConstructMordorDrummerTrolls,basic,2
CONTROLBAR:ConstructMordorAttackTroll,mordor,CONTROLBAR:ConstructMordorTrollCage,basic,1
CONTROLBAR:DominateTroll,mordor,CONTROLBAR:ConstructMordorAttackTroll,basic,2
CONTROLBAR:UpgradeMordorTrollCageLevel2,mordor,CONTROLBAR:ConstructMordorTrollCage,basic,1
CONTROLBAR:UpgradeMordorTrollCageLevel3,mordor,CONTROLBAR:ConstructMordorTrollCage,basic,1
CONTROLBAR:ConstructMordorSiegeWorks,mordor,,basic,0
CONTROLBAR:ConstructMordorBatteringRam,mordor,CONTROLBAR:ConstructMordorSiegeWorks,basic,1
CONTROLBAR:ConstructMordorCatapult,mordor,CONTROLBAR:ConstructMordorSiegeWorks,basic,1
CONTROLBAR:ToggleTrebWeapon,mordor,CONTROLBAR:ConstructMordorCatapult,basic,2
CONTROLBAR:StopBombard,mordor,CONTROLBAR:ConstructMordorCatapult,basic,2
CONTROLBAR:ToggleCatapultWeapons,mordor,CONTROLBAR:ConstructMordorCatapult,basic,2
CONTROLBAR:NoAutoAcquire,mordor,CONTROLBAR:ConstructMordorCatapult,basic,2
CONTROLBAR:AutoAcquire,mordor,CONTROLBAR:ConstructMordorCatapult,basic,2
CONTROLBAR:ConstructMordorSiegeTower,mordor,CONTROLBAR:ConstructMordorSiegeWorks,basic,1
CONTROLBAR:SiegeRetract,mordor,CONTROLBAR:ConstructMordorSiegeTower,basic,2
CONTROLBAR:ConstructMordorGrond,mordor,CONTROLBAR:ConstructMordorSiegeWorks,basic,1
CONTROLBAR:UpgradeMordorSiegeWorksLevel2,mordor,CONTROLBAR:ConstructMordorSiegeWorks,basic,1
CONTROLBAR:UpgradeMordorSiegeWorksLevel3,mordor,CONTROLBAR:ConstructMordorSiegeWorks,basic,1
CONTROLBAR:ConstructMordorMumakilPen,mordor,,basic,0
CONTROLBAR:ConstructMordorMumakil,mordor,CONTROLBAR:ConstructMordorMumakilPen,basic,1
CONTROLBAR:ChargeAttack,mordor,CONTROLBAR:ConstructMordorMumakil,basic,2
CONTROLBAR:TransportEvacuate,mordor,CONTROLBAR:ConstructMordorMumakil,basic,2
CONTROLBAR:PurchaseUpgradeMordorBasicTraining,mordor,CONTROLBAR:ConstructMordorMumakil,basic,2
CONTROLBAR:UpgradeMordorMumakilPenLevel2,mordor,CONTROLBAR:ConstructMordorMumakilPen,basic,1
CONTROLBAR:UpgradeMordorMumakilPenLevel3,mordor,CONTROLBAR:ConstructMordorMumakilPen,basic,1
CONTROLBAR:ConstructMordorUmbarTavern,mordor,,basic,0
CONTROLBAR:PurchaseTechnologyMordorBarbedArrows,mordor,CONTROLBAR:ConstructMordorUmbarTavern,basic,1
CONTROLBAR:ConstructMordorCorsairsOfUmbarHorde,mordor,CONTROLBAR:ConstructMordorUmbarTavern,basic,1
CONTROLBAR:PurchaseUpgradeIsengardForgedBlades,mordor,CONTROLBAR:ConstructMordorCorsairsOfUmbarHorde,basic,2
CONTROLBAR:PurchaseUpgradeMordorBasicTraining,mordor,CONTROLBAR:ConstructMordorCorsairsOfUmbarHorde,basic,2
CONTROLBAR:ThrowFireBombs,mordor,CONTROLBAR:ConstructMordorCorsairsOfUmbarHorde,basic,2
CONTROLBAR:Knife,mordor,CONTROLBAR:ConstructMordorCorsairsOfUmbarHorde,basic,2
CONTROLBAR:ArcherBarrage,mordor,CONTROLBAR:ConstructMordorCorsairsOfUmbarHorde,basic,2
CONTROLBAR:PurchaseTechnologyMordorHeavyArmor,mordor,CONTROLBAR:ConstructMordorUmbarTavern,basic,1
CONTROLBAR:PurchaseTechnologyMordorForgedBlades,mordor,CONTROLBAR:ConstructMordorUmbarTavern,basic,1
CONTROLBAR:PurchaseTechnologyMordorFireArrows,mordor,CONTROLBAR:ConstructMordorUmbarTavern,basic,1
CONTROLBAR:UpgradeMordorTavernLevel2,mordor,CONTROLBAR:ConstructMordorUmbarTavern,basic,1
CONTROLBAR:UpgradeMordorTavernLevel3,mordor,CONTROLBAR:ConstructMordorUmbarTavern,basic,1
CONTROLBAR:ConstructMordorBattleTower,mordor,,basic,0
CONTROLBAR:PurchaseUpgradeSentryTowerFireArrows,mordor,CONTROLBAR:ConstructMordorBattleTower,basic,1
CONTROLBAR:ConstructMordorFortress,mordor,,basic,0
CONTROLBAR:ConstructMordorPorter,mordor,CONTROLBAR:ConstructMordorFortress,basic,1
CONTROLBAR:SelectRevivablesMordorFortress,mordor,CONTROLBAR:ConstructMordorFortress,basic,1
CONTROLBAR:BlackRiderHotkey,mordor,CONTROLBAR:SelectRevivablesMordorFortress,basic,2
CONTROLBAR:TheodenMount,mordor,CONTROLBAR:BlackRiderHotkey,basic,3
CONTROLBAR:BlackRiderMorgulBlade,mordor,CONTROLBAR:BlackRiderHotkey,basic,3
CONTROLBAR:Screech,mordor,CONTROLBAR:BlackRiderHotkey,basic,3
CONTROLBAR:MordorMouthofSauronHotkey,mordor,CONTROLBAR:SelectRevivablesMordorFortress,basic,2
CONTROLBAR:TheodenMount,mordor,CONTROLBAR:MordorMouthofSauronHotkey,basic,3
CONTROLBAR:SpecialAbilityMouthOfSauronEvilEye,mordor,CONTROLBAR:MordorMouthofSauronHotkey,basic,3
CONTROLBAR:MouthOfSauronDoubt,mordor,CONTROLBAR:MordorMouthofSauronHotkey,basic,3
CONTROLBAR:MouthOfSauronDissent,mordor,CONTROLBAR:MordorMouthofSauronHotkey,basic,3
CONTROLBAR:MordorFellBeastHotkey,mordor,CONTROLBAR:SelectRevivablesMordorFortress,basic,2
CONTROLBAR:Screech,mordor,CONTROLBAR:MordorFellBeastHotkey,basic,3
CONTROLBAR:MordorWitchKingOnFellBeastHotkey,mordor,CONTROLBAR:SelectRevivablesMordorFortress,basic,2
CONTROLBAR:TheodenMount,mordor,CONTROLBAR:MordorWitchKingOnFellBeastHotkey,basic,3
CONTROLBAR:Screech,mordor,CONTROLBAR:MordorWitchKingOnFellBeastHotkey,basic,3
CONTROLBAR:HourOfTheWitchKing,mordor,CONTROLBAR:MordorWitchKingOnFellBeastHotkey,basic,3
CONTROLBAR:SelectUpgradesMordorFortress,mordor,CONTROLBAR:ConstructMordorFortress,basic,1
CONTROLBAR:PurchaseUpgradeMordorFortressDoomPyres,mordor,CONTROLBAR:SelectUpgradesMordorFortress,basic,2
CONTROLBAR:PurchaseUpgradeMordorFortressLavaMoat,mordor,CONTROLBAR:SelectUpgradesMordorFortress,basic,2
CONTROLBAR:PurchaseUpgradeMordorFortressFireArrows,mordor,CONTROLBAR:SelectUpgradesMordorFortress,basic,2
CONTROLBAR:PurchaseUpgradeMordorFortressMagmaCauldrons,mordor,CONTROLBAR:SelectUpgradesMordorFortress,basic,2
CONTROLBAR:PurchaseUpgradeMordorFortressMorgulSorcery,mordor,CONTROLBAR:SelectUpgradesMordorFortress,basic,2
CONTROLBAR:PurchaseUpgradeMordorFortressGorgorothSpire,mordor,CONTROLBAR:SelectUpgradesMordorFortress,basic,2
CONTROLBAR:FireWeaponMordorFortressMagmaCauldrons,mordor,CONTROLBAR:ConstructMordorFortress,basic,1
CONTROLBAR:FireWeaponMordorFortressSpireFireball,mordor,CONTROLBAR:ConstructMordorFortress,basic,1
OBJECT:MordorBuildingFoundation,mordor,CONTROLBAR:ConstructMordorFortress,basic,1
CONTROLBAR:ConstructMordorBarricadeExpansion,mordor,OBJECT:MordorBuildingFoundation,basic,2
CONTROLBAR:ConstructMordorGateWatchersExpansion,mordor,OBJECT:MordorBuildingFoundation,basic,2
CONTROLBAR:ConstructMordorWallCatapultExpansion,mordor,OBJECT:MordorBuildingFoundation,basic,2
OBJECT:InnTavern,mordor,,inn,0
CONTROLBAR:ConstructMordorHaradrimLancerHorde,mordor,OBJECT:InnTavern,inn,1
CONTROLBAR:PurchaseUpgradeMordorBasicTraining,mordor,CONTROLBAR:ConstructMordorHaradrimLancerHorde,inn,2
CONTROLBAR:EvilPlayerExperienceMenu,mordor,,power,0
CONTROLBAR:SummonBalrog,mordor,CONTROLBAR:EvilPlayerExperienceMenu,power,1
CONTROLBAR:SpecialAbilityIgnite,mordor,CONTROLBAR:SummonBalrog,power,2
CONTROLBAR:SpecialAbilityFireWhip,mordor,CONTROLBAR:SummonBalrog,power,2
CONTROLBAR:SpecialAbilityBalrogScream,mordor,CONTROLBAR:SummonBalrog,power,2
CONTROLBAR:SpecialAbilityBalrogBreath,mordor,CONTROLBAR:SummonBalrog,power,2
CONTROLBAR:SpecialAbilityBalrogWings,mordor,CONTROLBAR:SummonBalrog,power,2
CONTROLBAR:ConstructWildMineShaft,goblins,,basic,0
CONTROLBAR:GarrisonExit,goblins,CONTROLBAR:ConstructWildMineShaft,basic,1
CONTROLBAR:EvacuateAll,goblins,CONTROLBAR:ConstructWildMineShaft,basic,1
CONTROLBAR:ConstructWildLumberMill,goblins,,basic,0
CONTROLBAR:BuildMordorWorker,goblins,CONTROLBAR:ConstructWildLumberMill,basic,1
CONTROLBAR:GoHarvest,goblins,CONTROLBAR:BuildMordorWorker,basic,2
CONTROLBAR:ConstructWildGoblinCave,goblins,,basic,0
CONTROLBAR:ConstructGoblinFighterHorde,goblins,CONTROLBAR:ConstructWildGoblinCave,basic,1
CONTROLBAR:SpecialAbilityGoblinFighterPoisonedBlades,goblins,CONTROLBAR:ConstructGoblinFighterHorde,basic,2
CONTROLBAR:PurchaseUpgradeWildForgedBlade,goblins,CONTROLBAR:ConstructGoblinFighterHorde,basic,2
CONTROLBAR:PurchaseUpgradeWildHeavyArmor,goblins,CONTROLBAR:ConstructGoblinFighterHorde,basic,2
CONTROLBAR:PurchaseUpgradeWildBasicTraining,goblins,CONTROLBAR:ConstructGoblinFighterHorde,basic,2
CONTROLBAR:ConstructGoblinArcherHorde,goblins,CONTROLBAR:ConstructWildGoblinCave,basic,1
CONTROLBAR:PoisonArrows,goblins,CONTROLBAR:ConstructGoblinArcherHorde,basic,2
CONTROLBAR:PurchaseUpgradeWildFireArrows,goblins,CONTROLBAR:ConstructGoblinArcherHorde,basic,2
CONTROLBAR:PurchaseUpgradeWildHeavyArmor,goblins,CONTROLBAR:ConstructGoblinArcherHorde,basic,2
CONTROLBAR:PurchaseUpgradeWildBasicTraining,goblins,CONTROLBAR:ConstructGoblinArcherHorde,basic,2
CONTROLBAR:ArcherBarrage,goblins,CONTROLBAR:ConstructGoblinArcherHorde,basic,2
CONTROLBAR:ConstructWildCaveLevel2Upgrade,goblins,CONTROLBAR:ConstructWildGoblinCave,basic,1
CONTROLBAR:ConstructWildCaveLevel3Upgrade,goblins,CONTROLBAR:ConstructWildGoblinCave,basic,1
CONTROLBAR:ConstructWildWildSpiderPit,goblins,,basic,0
CONTROLBAR:ConstructWildSpiderlingHorde,goblins,CONTROLBAR:ConstructWildWildSpiderPit,basic,1
CONTROLBAR:PurchaseSpiderVenomSacks,goblins,CONTROLBAR:ConstructWildSpiderlingHorde,basic,2
CONTROLBAR:PurchaseUpgradeWildBasicTraining,goblins,CONTROLBAR:ConstructWildSpiderlingHorde,basic,2
CONTROLBAR:ConstructWildSpiderRiderHorde,goblins,CONTROLBAR:ConstructWildWildSpiderPit,basic,1
CONTROLBAR:ToggleSpiderRiderWeapons,goblins,CONTROLBAR:ConstructWildSpiderRiderHorde,basic,2
CONTROLBAR:PurchaseUpgradeWildFireArrows,goblins,CONTROLBAR:ConstructWildSpiderRiderHorde,basic,2
CONTROLBAR:PurchaseUpgradeWildForgedBlade,goblins,CONTROLBAR:ConstructWildSpiderRiderHorde,basic,2
CONTROLBAR:PurchaseSpiderVenomSacks,goblins,CONTROLBAR:ConstructWildSpiderRiderHorde,basic,2
CONTROLBAR:PurchaseUpgradeWildBasicTraining,goblins,CONTROLBAR:ConstructWildSpiderRiderHorde,basic,2
CONTROLBAR:ConstructWildSpiderPitLevel2Upgrade,goblins,CONTROLBAR:ConstructWildWildSpiderPit,basic,1
CONTROLBAR:ConstructWildSpiderPitLevel3Upgrade,goblins,CONTROLBAR:ConstructWildWildSpiderPit,basic,1
CONTROLBAR:ConstructWildGoblinFissure,goblins,,basic,0
CONTROLBAR:ConstructGoblinCaveTroll,goblins,CONTROLBAR:ConstructWildGoblinFissure,basic,1
CONTROLBAR:ThrowRocks,goblins,CONTROLBAR:ConstructGoblinCaveTroll,basic,2
CONTROLBAR:KickAndPunch,goblins,CONTROLBAR:ConstructGoblinCaveTroll,basic,2
CONTROLBAR:TrollFindTree,goblins,CONTROLBAR:ConstructGoblinCaveTroll,basic,2
CONTROLBAR:Trollfindgoblintothrow,goblins,CONTROLBAR:ConstructGoblinCaveTroll,basic,2
CONTROLBAR:ToggleTrebWeapon,goblins,CONTROLBAR:ConstructGoblinCaveTroll,basic,2
CONTROLBAR:StopBombard,goblins,CONTROLBAR:ConstructGoblinCaveTroll,basic,2
CONTROLBAR:ConstructWildMarauderHorde,goblins,CONTROLBAR:ConstructWildGoblinFissure,basic,1
CONTROLBAR:TogglePorcupineFormation,goblins,CONTROLBAR:ConstructWildMarauderHorde,basic,2
CONTROLBAR:ToggleLineFormation,goblins,CONTROLBAR:ConstructWildMarauderHorde,basic,2
CONTROLBAR:PurchaseUpgradeWildForgedBlade,goblins,CONTROLBAR:ConstructWildMarauderHorde,basic,2
CONTROLBAR:PurchaseUpgradeWildHeavyArmor,goblins,CONTROLBAR:ConstructWildMarauderHorde,basic,2
CONTROLBAR:PurchaseUpgradeWildBasicTraining,goblins,CONTROLBAR:ConstructWildMarauderHorde,basic,2
CONTROLBAR:ConstructWildMountainGiant,goblins,CONTROLBAR:ConstructWildGoblinFissure,basic,1
CONTROLBAR:WildMountainGiantStomp,goblins,CONTROLBAR:ConstructWildMountainGiant,basic,2
CONTROLBAR:KickAndPunch,goblins,CONTROLBAR:ConstructWildMountainGiant,basic,2
CONTROLBAR:ThrowRocks,goblins,CONTROLBAR:ConstructWildMountainGiant,basic,2
CONTROLBAR:ToggleTrebWeapon,goblins,CONTROLBAR:ConstructWildMountainGiant,basic,2
CONTROLBAR:StopBombard,goblins,CONTROLBAR:ConstructWildMountainGiant,basic,2
CONTROLBAR:UpgradeWildFissureLevel2,goblins,CONTROLBAR:ConstructWildGoblinFissure,basic,1
CONTROLBAR:UpgradeWildFissureLevel3,goblins,CONTROLBAR:ConstructWildGoblinFissure,basic,1
CONTROLBAR:ConstructWildSentryTower,goblins,,basic,0
CONTROLBAR:GarrisonExit,goblins,CONTROLBAR:ConstructWildSentryTower,basic,1
CONTROLBAR:EvacuateAll,goblins,CONTROLBAR:ConstructWildSentryTower,basic,1
CONTROLBAR:PurchaseUpgradeSentryTowerFireArrows,goblins,CONTROLBAR:ConstructWildSentryTower,basic,1
CONTROLBAR:ConstructWildTreasureTrove,goblins,,basic,0
CONTROLBAR:PurchaseTechnologyWildBasicTraining,goblins,CONTROLBAR:ConstructWildTreasureTrove,basic,1
CONTROLBAR:PurchaseTechnologyWildHeavyArmor,goblins,CONTROLBAR:ConstructWildTreasureTrove,basic,1
CONTROLBAR:PurchaseTechnologyWildForgedBlades,goblins,CONTROLBAR:ConstructWildTreasureTrove,basic,1
CONTROLBAR:PurchaseTechnologyWildFireArrows,goblins,CONTROLBAR:ConstructWildTreasureTrove,basic,1
CONTROLBAR:ConstructWildTreasureTroveLevel2Upgrade,goblins,CONTROLBAR:ConstructWildTreasureTrove,basic,1
CONTROLBAR:ConstructWildTreasureTroveLevel3Upgrade,goblins,CONTROLBAR:ConstructWildTreasureTrove,basic,1
CONTROLBAR:ConstructWildFortress,goblins,,basic,0
CONTROLBAR:ConstructWildPorter,goblins,CONTROLBAR:ConstructWildFortress,basic,1
CONTROLBAR:SelectRevivablesGoblinFortress,goblins,CONTROLBAR:ConstructWildFortress,basic,1
CONTROLBAR:WildGoblinKingHotkey,goblins,CONTROLBAR:SelectRevivablesGoblinFortress,basic,2
CONTROLBAR:GoblinKingSkullTotem,goblins,CONTROLBAR:WildGoblinKingHotkey,basic,3
CONTROLBAR:GoblinKingMount,goblins,CONTROLBAR:WildGoblinKingHotkey,basic,3
CONTROLBAR:GoblinKingPoisonedStinger,goblins,CONTROLBAR:WildGoblinKingHotkey,basic,3
CONTROLBAR:GoblinKingSpawnFireDrakes,goblins,CONTROLBAR:WildGoblinKingHotkey,basic,3
CONTROLBAR:ShelobHotkey,goblins,CONTROLBAR:SelectRevivablesGoblinFortress,basic,2
CONTROLBAR:WildShelobInstillTerror,goblins,CONTROLBAR:ShelobHotkey,basic,3
CONTROLBAR:WildShelobPoisonedStinger,goblins,CONTROLBAR:ShelobHotkey,basic,3
CONTROLBAR:SpecialAbilityWildShelobTunnel,goblins,CONTROLBAR:ShelobHotkey,basic,3
CONTROLBAR:ShelobWebbing,goblins,CONTROLBAR:ShelobHotkey,basic,3
CONTROLBAR:WildDrogothHotkey,goblins,CONTROLBAR:SelectRevivablesGoblinFortress,basic,2
CONTROLBAR:SpecialAbilityDrogothFireball,goblins,CONTROLBAR:WildDrogothHotkey,basic,3
CONTROLBAR:SpecialAbilityWingBlast,goblins,CONTROLBAR:WildDrogothHotkey,basic,3
CONTROLBAR:SpecialAbilityDrogothFireflight,goblins,CONTROLBAR:WildDrogothHotkey,basic,3
CONTROLBAR:SpecialAbilityIncinerate,goblins,CONTROLBAR:WildDrogothHotkey,basic,3
CONTROLBAR:SelectUpgradesWildFortress,goblins,CONTROLBAR:ConstructWildFortress,basic,1
CONTROLBAR:PurchaseUpgradeWildFortressBatCloud,goblins,CONTROLBAR:SelectUpgradesWildFortress,basic,2
CONTROLBAR:PurchaseUpgradeWildFortressRazorSpines,goblins,CONTROLBAR:SelectUpgradesWildFortress,basic,2
CONTROLBAR:PurchaseUpgradeWildFortressFireArrows,goblins,CONTROLBAR:SelectUpgradesWildFortress,basic,2
CONTROLBAR:PurchaseUpgradeWildFortressWebCocoon,goblins,CONTROLBAR:SelectUpgradesWildFortress,basic,2
CONTROLBAR:PurchaseUpgradeWildFortressDragonNest,goblins,CONTROLBAR:SelectUpgradesWildFortress,basic,2
CONTROLBAR:PurchaseWildFireDrake,goblins,CONTROLBAR:ConstructWildFortress,basic,1
CONTROLBAR:SpecialAbilityFireDrakeInferno,goblins,CONTROLBAR:PurchaseWildFireDrake,basic,2
OBJECT:WildBuildingFoundation,goblins,CONTROLBAR:ConstructWildFortress,basic,1
CONTROLBAR:ConstructWildBurrowsExpansion,goblins,OBJECT:WildBuildingFoundation,basic,2
CONTROLBAR:GarrisonExit,goblins,CONTROLBAR:ConstructWildBurrowsExpansion,basic,3
CONTROLBAR:EvacuateAll,goblins,CONTROLBAR:ConstructWildBurrowsExpansion,basic,3
CONTROLBAR:ConstructWildArrowDenExpansion,goblins,OBJECT:WildBuildingFoundation,basic,2
CONTROLBAR:ConstructWildSpiderHolesExpansion,goblins,OBJECT:WildBuildingFoundation,basic,2
CONTROLBAR:ConstructWildGiantSentryExpansion,goblins,OBJECT:WildBuildingFoundation,basic,2
CONTROLBAR:EvilPlayerExperienceMenu,goblins,,power,0
CONTROLBAR:SummonBalrog,goblins,CONTROLBAR:EvilPlayerExperienceMenu,power,1
CONTROLBAR:SpecialAbilityIgnite,goblins,CONTROLBAR:SummonBalrog,power,2
CONTROLBAR:SpecialAbilityFireWhip,goblins,CONTROLBAR:SummonBalrog,power,2
CONTROLBAR:SpecialAbilityBalrogScream,goblins,CONTROLBAR:SummonBalrog,power,2
CONTROLBAR:SpecialAbilityBalrogBreath,goblins,CONTROLBAR:SummonBalrog,power,2
CONTROLBAR:SpecialAbilityBalrogWings,goblins,CONTROLBAR:SummonBalrog,power,2
OBJECT:InnTavern,goblins,,inn,0
CONTROLBAR:ConstructIsengardWildmanHorde,goblins,OBJECT:InnTavern,inn,1
CONTROLBAR:PurchaseUpgradeIsengardTorches,goblins,CONTROLBAR:ConstructIsengardWildmanHorde,inn,2
CONTROLBAR:PurchaseUpgradeWildHeavyArmor,goblins,CONTROLBAR:ConstructIsengardWildmanHorde,inn,2
CONTROLBAR:PurchaseUpgradeWildBasicTraining,goblins,CONTROLBAR:ConstructIsengardWildmanHorde,inn,2
CONTROLBAR:SelectNearestBuilder,misc,,basic,0
CONTROLBAR:CancelBuild,misc,,basic,0
CONTROLBAR:SelectAllHeroes,misc,,basic,0
CONTROLBAR:AttackMove,misc,,basic,0
CONTROLBAR:SauronHotkey,misc,,basic,0
CONTROLBAR:SpecialAbilityFiresOfDoom,misc,CONTROLBAR:SauronHotkey,basic,1
CONTROLBAR:TerribleFury,misc,CONTROLBAR:SauronHotkey,basic,1
CONTROLBAR:GaladrielHotkey,misc,,basic,0
CONTROLBAR:GaladrielTornado,misc,CONTROLBAR:GaladrielHotkey,basic,1
CONTROLBAR:TerribleFury,misc,CONTROLBAR:GaladrielHotkey,basic,1
OBJECT:ShipWright,misc,,basic,0
CONTROLBAR:ConstructGoodTransportShip,misc,OBJECT:ShipWright,basic,1
CONTROLBAR:GarrisonExit,misc,CONTROLBAR:ConstructGoodTransportShip,basic,2
CONTROLBAR:ConstructGoodShip,misc,OBJECT:ShipWright,basic,1
CONTROLBAR:PurchaseUpgradeCirdansCraftwork,misc,CONTROLBAR:ConstructGoodShip,basic,2
CONTROLBAR:PurchaseUpgradeShipArmor,misc,CONTROLBAR:ConstructGoodShip,basic,2
CONTROLBAR:ConstructGoodFireShip,misc,OBJECT:ShipWright,basic,1
CONTROLBAR:PurchaseUpgradeCirdansCraftwork,misc,CONTROLBAR:ConstructGoodFireShip,basic,2
CONTROLBAR:PurchaseUpgradeShipArmor,misc,CONTROLBAR:ConstructGoodFireShip,basic,2
CONTROLBAR:ConstructGoodBombardShip,misc,OBJECT:ShipWright,basic,1
CONTROLBAR:PurchaseUpgradeCirdansCraftwork,misc,CONTROLBAR:ConstructGoodBombardShip,basic,2
CONTROLBAR:PurchaseUpgradeShipArmor,misc,CONTROLBAR:ConstructGoodBombardShip,basic,2
CONTROLBAR:ToggleTrebWeapon,misc,CONTROLBAR:ConstructGoodBombardShip,basic,2
CONTROLBAR:StopBombard,misc,CONTROLBAR:ConstructGoodBombardShip,basic,2
CONTROLBAR:ConstructEvilTransportShip,misc,OBJECT:ShipWright,basic,1
CONTROLBAR:GarrisonExit,misc,CONTROLBAR:ConstructEvilTransportShip,basic,2
CONTROLBAR:ConstructEvilShip,misc,OBJECT:ShipWright,basic,1
CONTROLBAR:PurchaseUpgradePirateFlag,misc,CONTROLBAR:ConstructEvilShip,basic,2
CONTROLBAR:PurchaseUpgradeShipArmor,misc,CONTROLBAR:ConstructEvilShip,basic,2
CONTROLBAR:ConstructEvilFireShip,misc,OBJECT:ShipWright,basic,1
CONTROLBAR:PurchaseUpgradePirateFlag,misc,CONTROLBAR:ConstructEvilFireShip,basic,2
CONTROLBAR:PurchaseUpgradeShipArmor,misc,CONTROLBAR:ConstructEvilFireShip,basic,2
CONTROLBAR:ConstructEvilBombardShip,misc,OBJECT:ShipWright,basic,1
CONTROLBAR:PurchaseUpgradePirateFlag,misc,CONTROLBAR:ConstructEvilBombardShip,basic,2
CONTROLBAR:PurchaseUpgradeShipArmor,misc,CONTROLBAR:ConstructEvilBombardShip,basic,2
CONTROLBAR:ToggleTrebWeapon,misc,CONTROLBAR:ConstructEvilBombardShip,basic,2
CONTROLBAR:StopBombard,misc,CONTROLBAR:ConstructEvilBombardShip,basic,2