name,faction,rank,parent,branch,gen
CONTROLBAR:ConstructMenFarm,men,1,,basic,0
CONTROLBAR:ConstructMenBarracks,men,2,,basic,0
CONTROLBAR:ConstructGondorFighterHorde,men,1,CONTROLBAR:ConstructMenBarracks,basic,1
CONTROLBAR:ToggleBlockFormation,men,1,CONTROLBAR:ConstructGondorFighterHorde,basic,2
CONTROLBAR:ToggleLineFormation,men,2,CONTROLBAR:ConstructGondorFighterHorde,basic,2
CONTROLBAR:PurchaseUpgradeGondorForgedBlades,men,3,CONTROLBAR:ConstructGondorFighterHorde,basic,2
CONTROLBAR:PurchaseUpgradeGondorHeavyArmor,men,4,CONTROLBAR:ConstructGondorFighterHorde,basic,2
CONTROLBAR:PurchaseUpgradeGondorBasicTraining,men,5,CONTROLBAR:ConstructGondorFighterHorde,basic,2
CONTROLBAR:ConstructRohanSpearmenHorde,men,2,CONTROLBAR:ConstructMenBarracks,basic,1
CONTROLBAR:TogglePorcupineFormation,men,1,CONTROLBAR:ConstructRohanSpearmenHorde,basic,2
CONTROLBAR:ToggleLineFormation,men,2,CONTROLBAR:ConstructRohanSpearmenHorde,basic,2
CONTROLBAR:PurchaseUpgradeGondorForgedBlades,men,3,CONTROLBAR:ConstructRohanSpearmenHorde,basic,2
CONTROLBAR:PurchaseUpgradeGondorHeavyArmor,men,4,CONTROLBAR:ConstructRohanSpearmenHorde,basic,2
CONTROLBAR:PurchaseUpgradeRohanBasicTraining,men,5,CONTROLBAR:ConstructRohanSpearmenHorde,basic,2
CONTROLBAR:ConstructGondorShieldGuardHorde,men,3,CONTROLBAR:ConstructMenBarracks,basic,1
CONTROLBAR:TogglePorcupineFormation,men,1,CONTROLBAR:ConstructGondorShieldGuardHorde,basic,2
CONTROLBAR:ToggleLineFormation,men,2,CONTROLBAR:ConstructGondorShieldGuardHorde,basic,2
CONTROLBAR:PurchaseUpgradeGondorForgedBlades,men,3,CONTROLBAR:ConstructGondorShieldGuardHorde,basic,2
CONTROLBAR:PurchaseUpgradeGondorHeavyArmor,men,4,CONTROLBAR:ConstructGondorShieldGuardHorde,basic,2
CONTROLBAR:PurchaseUpgradeGondorBasicTraining,men,5,CONTROLBAR:ConstructGondorShieldGuardHorde,basic,2
CONTROLBAR:ConstructGondorBarracks2Upgrade,men,4,CONTROLBAR:ConstructMenBarracks,basic,1
CONTROLBAR:ConstructGondorBarracksLevel3Upgrade,men,5,CONTROLBAR:ConstructMenBarracks,basic,1
CONTROLBAR:ConstructMenArcheryRange,men,3,,basic,0
CONTROLBAR:ConstructGondorArcherHorde,men,1,CONTROLBAR:ConstructMenArcheryRange,basic,1
CONTROLBAR:ArcherBarrage,men,1,CONTROLBAR:ConstructGondorArcherHorde,basic,2
CONTROLBAR:FireArrowUpgrade,men,2,CONTROLBAR:ConstructGondorArcherHorde,basic,2
CONTROLBAR:PurchaseUpgradeGondorHeavyArmor,men,3,CONTROLBAR:ConstructGondorArcherHorde,basic,2
CONTROLBAR:PurchaseUpgradeGondorBasicTraining,men,4,CONTROLBAR:ConstructGondorArcherHorde,basic,2
CONTROLBAR:ConstructGondorRangerHorde,men,2,CONTROLBAR:ConstructMenArcheryRange,basic,1
CONTROLBAR:ArcherBarrage,men,1,CONTROLBAR:ConstructGondorRangerHorde,basic,2
CONTROLBAR:MenLongShotAbility,men,2,CONTROLBAR:ConstructGondorRangerHorde,basic,2
CONTROLBAR:FireArrowUpgrade,men,3,CONTROLBAR:ConstructGondorRangerHorde,basic,2
CONTROLBAR:PurchaseUpgradeGondorBasicTraining,men,4,CONTROLBAR:ConstructGondorRangerHorde,basic,2
CONTROLBAR:PurchaseTechnologyGondorFireArrows,men,3,CONTROLBAR:ConstructMenArcheryRange,basic,1
CONTROLBAR:ConstructGondorArcheryRangeLevel2Upgrade,men,4,CONTROLBAR:ConstructMenArcheryRange,basic,1
CONTROLBAR:ConstructGondorArcheryRangeLevel3Upgrade,men,5,CONTROLBAR:ConstructMenArcheryRange,basic,1
CONTROLBAR:ConstructMenStable,men,4,,basic,0
CONTROLBAR:ConstructGondorKnightHorde,men,1,CONTROLBAR:ConstructMenStable,basic,1
CONTROLBAR:PurchaseUpgradeGondorForgedBlades,men,1,CONTROLBAR:ConstructGondorKnightHorde,basic,2
CONTROLBAR:PurchaseUpgradeGondorHeavyArmor,men,2,CONTROLBAR:ConstructGondorKnightHorde,basic,2
CONTROLBAR:PurchaseUpgradeGondorBasicTraining,men,3,CONTROLBAR:ConstructGondorKnightHorde,basic,2
CONTROLBAR:ConstructRohanRohirrimHorde,men,2,CONTROLBAR:ConstructMenStable,basic,1
CONTROLBAR:ToggleRohirrimWeapons,men,1,CONTROLBAR:ConstructRohanRohirrimHorde,basic,2
CONTROLBAR:FireArrowUpgrade,men,2,CONTROLBAR:ConstructRohanRohirrimHorde,basic,2
CONTROLBAR:PurchaseUpgradeGondorForgedBlades,men,3,CONTROLBAR:ConstructRohanRohirrimHorde,basic,2
CONTROLBAR:PurchaseUpgradeGondorHeavyArmor,men,4,CONTROLBAR:ConstructRohanRohirrimHorde,basic,2
CONTROLBAR:PurchaseUpgradeRohanBasicTraining,men,5,CONTROLBAR:ConstructRohanRohirrimHorde,basic,2
CONTROLBAR:ConstructGondorKnightsofDolHorde,men,3,CONTROLBAR:ConstructMenStable,basic,1
CONTROLBAR:KnightsofDolChargeofGlory,men,2,CONTROLBAR:ConstructGondorKnightsofDolHorde,basic,2
CONTROLBAR:ConstructGondorStable2Upgrade,men,4,CONTROLBAR:ConstructMenStable,basic,1
CONTROLBAR:ConstructGondorStableLevel3Upgrade,men,5,CONTROLBAR:ConstructMenStable,basic,1
CONTROLBAR:ConstructMenWorkshop,men,5,,basic,0
CONTROLBAR:ConstructGondorTrebuchet,men,1,CONTROLBAR:ConstructMenWorkshop,basic,1
CONTROLBAR:NoAutoAcquire,men,1,CONTROLBAR:ConstructGondorTrebuchet,basic,2
CONTROLBAR:AutoAcquire,men,2,CONTROLBAR:ConstructGondorTrebuchet,basic,2
CONTROLBAR:PurchaseUpgradeGondorFireStones,men,3,CONTROLBAR:ConstructGondorTrebuchet,basic,2
CONTROLBAR:ToggleTrebWeapon,men,4,CONTROLBAR:ConstructGondorTrebuchet,basic,2
CONTROLBAR:StopBombard,men,5,CONTROLBAR:ConstructGondorTrebuchet,basic,2
CONTROLBAR:PurchaseTechnologyGondorFireStones,men,2,CONTROLBAR:ConstructMenWorkshop,basic,1
CONTROLBAR:ConstructGondorWorkshop2Upgrade,men,3,CONTROLBAR:ConstructMenWorkshop,basic,1
CONTROLBAR:ConstructGondorWorkshopLevel3Upgrade,men,4,CONTROLBAR:ConstructMenWorkshop,basic,1
CONTROLBAR:ConstructMenSentryTower,men,6,,basic,0
CONTROLBAR:GarrisonExit,men,1,CONTROLBAR:ConstructMenSentryTower,basic,1
CONTROLBAR:PurchaseUpgradeSentryTowerFireArrows,men,2,CONTROLBAR:ConstructMenSentryTower,basic,1
CONTROLBAR:ConstructMenWell,men,7,,basic,0
CONTROLBAR:ConstructMenStatue,men,8,,basic,0
CONTROLBAR:ConstructMenBlacksmith,men,9,,basic,0
CONTROLBAR:PurchaseTechnologyGondorBasicTraining,men,1,CONTROLBAR:ConstructMenBlacksmith,basic,1
CONTROLBAR:PurchaseTechnologyGondorForgedBlades,men,2,CONTROLBAR:ConstructMenBlacksmith,basic,1
CONTROLBAR:PurchaseTechnologyGondorHeavyArmor,men,3,CONTROLBAR:ConstructMenBlacksmith,basic,1
CONTROLBAR:ConstructGondorForgeLevel2Upgrade,men,4,CONTROLBAR:ConstructMenBlacksmith,basic,1
CONTROLBAR:ConstructGondorForgeLevel3Upgrade,men,5,CONTROLBAR:ConstructMenBlacksmith,basic,1
CONTROLBAR:ConstructMenMarketPlace,men,10,,basic,0
CONTROLBAR:ConstructSiegeMaterialsUpgrade,men,1,CONTROLBAR:ConstructMenMarketPlace,basic,1
CONTROLBAR:ConstructIronOreUpgrade,men,2,CONTROLBAR:ConstructMenMarketPlace,basic,1
CONTROLBAR:ConstructGrandHarvestUpgrade,men,3,CONTROLBAR:ConstructMenMarketPlace,basic,1
CONTROLBAR:ConstructMenWallHub,men,11,,basic,0
CONTROLBAR:Command_GondorCastleWallHub_BeginWallSpan,men,1,CONTROLBAR:ConstructMenWallHub,basic,1
CONTROLBAR:Command_MenWallUpgradeToHub,men,2,CONTROLBAR:ConstructMenWallHub,basic,1
CONTROLBAR:Command_MenWallUpgradeToRegularGate,men,3,CONTROLBAR:ConstructMenWallHub,basic,1
CONTROLBAR:Command_MenWallUpgradeToPosternGate,men,4,CONTROLBAR:ConstructMenWallHub,basic,1
CONTROLBAR:Command_MenWallUpgradeToTower,men,5,CONTROLBAR:ConstructMenWallHub,basic,1
CONTROLBAR:Command_MenWallUpgradeToTrebuchet,men,6,CONTROLBAR:ConstructMenWallHub,basic,1
CONTROLBAR:ConstructMenFortress,men,12,,basic,0
CONTROLBAR:ConstructMenPorter,men,1,CONTROLBAR:ConstructMenFortress,basic,1
CONTROLBAR:SelectRevivablesMenFortress,men,2,CONTROLBAR:ConstructMenFortress,basic,1
CONTROLBAR:RohanEowynHotkey,men,1,CONTROLBAR:SelectRevivablesMenFortress,basic,2
CONTROLBAR:TheodenMount,men,1,CONTROLBAR:RohanEowynHotkey,basic,3
CONTROLBAR:Smite,men,2,CONTROLBAR:RohanEowynHotkey,basic,3
CONTROLBAR:Disguise,men,3,CONTROLBAR:RohanEowynHotkey,basic,3
CONTROLBAR:ShieldMaiden,men,4,CONTROLBAR:RohanEowynHotkey,basic,3
CONTROLBAR:RohanEomerHotkey,men,2,CONTROLBAR:SelectRevivablesMenFortress,basic,2
CONTROLBAR:TheodenMount,men,1,CONTROLBAR:RohanEomerHotkey,basic,3
CONTROLBAR:ThrowSpear,men,2,CONTROLBAR:RohanEomerHotkey,basic,3
CONTROLBAR:RohanTheodenHotkey,men,3,CONTROLBAR:SelectRevivablesMenFortress,basic,2
CONTROLBAR:TheodenMount,men,1,CONTROLBAR:RohanTheodenHotkey,basic,3
CONTROLBAR:KingsFavor,men,2,CONTROLBAR:RohanTheodenHotkey,basic,3
CONTROLBAR:GloriousCharge,men,3,CONTROLBAR:RohanTheodenHotkey,basic,3
CONTROLBAR:GondorFaramirHotkey,men,4,CONTROLBAR:SelectRevivablesMenFortress,basic,2
CONTROLBAR:ToggleFaramirWeapons,men,1,CONTROLBAR:GondorFaramirHotkey,basic,3
CONTROLBAR:WoundingArrow,men,2,CONTROLBAR:GondorFaramirHotkey,basic,3
CONTROLBAR:FaramirKnightRanger,men,3,CONTROLBAR:GondorFaramirHotkey,basic,3
CONTROLBAR:CaptainofGondor,men,4,CONTROLBAR:GondorFaramirHotkey,basic,3
CONTROLBAR:GondorBoromirHotkey,men,5,CONTROLBAR:SelectRevivablesMenFortress,basic,2
CONTROLBAR:HornofGondor,men,1,CONTROLBAR:GondorBoromirHotkey,basic,3
CONTROLBAR:CaptainofGondor,men,2,CONTROLBAR:GondorBoromirHotkey,basic,3
CONTROLBAR:GondorAragornHotkey,men,6,CONTROLBAR:SelectRevivablesMenFortress,basic,2
CONTROLBAR:Athelas,men,1,CONTROLBAR:GondorAragornHotkey,basic,3
CONTROLBAR:BladeMaster,men,2,CONTROLBAR:GondorAragornHotkey,basic,3
CONTROLBAR:Elendil,men,3,CONTROLBAR:GondorAragornHotkey,basic,3
CONTROLBAR:Oathbreakers,men,4,CONTROLBAR:GondorAragornHotkey,basic,3
CONTROLBAR:GandalfTheWhiteHotkey,men,7,CONTROLBAR:SelectRevivablesMenFortress,basic,2
CONTROLBAR:WizardBlast,men,1,CONTROLBAR:GandalfTheWhiteHotkey,basic,3
CONTROLBAR:LightningSword,men,2,CONTROLBAR:GandalfTheWhiteHotkey,basic,3
CONTROLBAR:Shadowfax,men,3,CONTROLBAR:GandalfTheWhiteHotkey,basic,3
CONTROLBAR:IstariLight,men,4,CONTROLBAR:GandalfTheWhiteHotkey,basic,3
CONTROLBAR:WordofPower,men,5,CONTROLBAR:GandalfTheWhiteHotkey,basic,3
CONTROLBAR:SelectUpgradesMenFortress,men,3,CONTROLBAR:ConstructMenFortress,basic,1
CONTROLBAR:PurchaseUpgradeMenFortressBanners,men,1,CONTROLBAR:SelectUpgradesMenFortress,basic,2
CONTROLBAR:PurchaseUpgradeMenFortressHouseOfHealing,men,2,CONTROLBAR:SelectUpgradesMenFortress,basic,2
CONTROLBAR:PurchaseUpgradeMenFortressBoilingOil,men,3,CONTROLBAR:SelectUpgradesMenFortress,basic,2
CONTROLBAR:PurchaseUpgradeMenFortressFlamingMunitions,men,4,CONTROLBAR:SelectUpgradesMenFortress,basic,2
CONTROLBAR:PurchaseUpgradeMenFortressNumenorStonework,men,5,CONTROLBAR:SelectUpgradesMenFortress,basic,2
CONTROLBAR:PurchaseUpgradeMenFortressIvoryTower,men,6,CONTROLBAR:SelectUpgradesMenFortress,basic,2
CONTROLBAR:FireWeaponMenFortressBoilingOil,men,4,CONTROLBAR:ConstructMenFortress,basic,1
CONTROLBAR:IvoryTowerVision,men,5,CONTROLBAR:ConstructMenFortress,basic,1
OBJECT:MenBuildingFoundation,men,6,CONTROLBAR:ConstructMenFortress,basic,1
CONTROLBAR:Command_ConstructMenWallHubExpansion,men,1,OBJECT:MenBuildingFoundation,basic,2
CONTROLBAR:ConstructMenDormitory,men,2,OBJECT:MenBuildingFoundation,basic,2
CONTROLBAR:GarrisonExit,men,1,CONTROLBAR:ConstructMenDormitory,basic,3
CONTROLBAR:EvacuateAll,men,2,CONTROLBAR:ConstructMenDormitory,basic,3
CONTROLBAR:ConstructMenArrowTowerExpansion,men,3,OBJECT:MenBuildingFoundation,basic,2
CONTROLBAR:ConstructMenTrebuchetExpansion,men,4,OBJECT:MenBuildingFoundation,basic,2
OBJECT:InnTavern,men,1,,inn,0
CONTROLBAR:ConstructRohanElvenWarriorHorde,men,1,OBJECT:InnTavern,inn,1
CONTROLBAR:ToggleElvenWarriorWeapons,men,1,CONTROLBAR:ConstructRohanElvenWarriorHorde,inn,2
CONTROLBAR:FireArrowUpgrade,men,2,CONTROLBAR:ConstructRohanElvenWarriorHorde,inn,2
CONTROLBAR:PurchaseUpgradeGondorForgedBlades,men,3,CONTROLBAR:ConstructRohanElvenWarriorHorde,inn,2
CONTROLBAR:PurchaseUpgradeGondorHeavyArmor,men,4,CONTROLBAR:ConstructRohanElvenWarriorHorde,inn,2
CONTROLBAR:PurchaseUpgradeRohanBasicTraining,men,5,CONTROLBAR:ConstructRohanElvenWarriorHorde,inn,2
CONTROLBAR:GoodPlayerExperienceMenu,men,,,power,0
CONTROLBAR:SummonHobbitAllies,men,1,CONTROLBAR:GoodPlayerExperienceMenu,power,1
OBJECT:HordeHobbits,men,1,CONTROLBAR:SummonHobbitAllies,power,2
CONTROLBAR:tooltipCommand_ToggleEntRockThrow,men,1,OBJECT:HordeHobbits,power,3
CONTROLBAR:UseStick,men,2,OBJECT:HordeHobbits,power,3
OBJECT:RohanFrodo,men,1,CONTROLBAR:SummonHobbitAllies,power,2
CONTROLBAR:tooltipCommand_ToggleEntRockThrow,men,1,OBJECT:RohanFrodo,power,3
CONTROLBAR:UseSword,men,2,OBJECT:RohanFrodo,power,3
CONTROLBAR:FrodoOneRing,men,3,OBJECT:RohanFrodo,power,3
CONTROLBAR:PhialofGaladriel,men,4,OBJECT:RohanFrodo,power,3
OBJECT:RohanSam,men,1,CONTROLBAR:SummonHobbitAllies,power,2
CONTROLBAR:tooltipCommand_ToggleEntRockThrow,men,1,OBJECT:RohanSam,power,3
CONTROLBAR:UseStick,men,2,OBJECT:RohanSam,power,3
CONTROLBAR:ElvenCloak,men,3,OBJECT:RohanSam,power,3
CONTROLBAR:FryingPan,men,4,OBJECT:RohanSam,power,3
OBJECT:RohanMerry,men,1,CONTROLBAR:SummonHobbitAllies,power,2
CONTROLBAR:tooltipCommand_ToggleEntRockThrow,men,1,OBJECT:RohanMerry,power,3
CONTROLBAR:UseStick,men,2,OBJECT:RohanMerry,power,3
CONTROLBAR:ElvenCloak,men,3,OBJECT:RohanMerry,power,3
OBJECT:RohanPippin,men,1,CONTROLBAR:SummonHobbitAllies,power,2
CONTROLBAR:tooltipCommand_ToggleEntRockThrow,men,1,OBJECT:RohanPippin,power,3
CONTROLBAR:UseStick,men,2,OBJECT:RohanPippin,power,3
CONTROLBAR:ElvenCloak,men,3,OBJECT:RohanPippin,power,3
OBJECT:TomBombadil,men,1,CONTROLBAR:GoodPlayerExperienceMenu,power,1
CONTROLBAR:SonicSong,men,1,OBJECT:TomBombadil,power,2
OBJECT:HordeDunedainRanger,men,1,CONTROLBAR:GoodPlayerExperienceMenu,power,1
CONTROLBAR:MenLongShotAbilitySummoned,men,1,OBJECT:HordeDunedainRanger,power,2
CONTROLBAR:ConstructElvenMallornTree,elves,1,,basic,0
CONTROLBAR:ConstructElvenBarracks,elves,2,,basic,0
CONTROLBAR:ConstructElvenLorienWarriorHorde,elves,1,CONTROLBAR:ConstructElvenBarracks,basic,1
CONTROLBAR:PurchaseUpgradeElvenForgedBlades,elves,1,CONTROLBAR:ConstructElvenLorienWarriorHorde,basic,2
CONTROLBAR:PurchaseUpgradeElvenHeavyArmor,elves,2,CONTROLBAR:ConstructElvenLorienWarriorHorde,basic,2
CONTROLBAR:PurchaseUpgradeElderRacesBasicTraining,elves,3,CONTROLBAR:ConstructElvenLorienWarriorHorde,basic,2
CONTROLBAR:ConstructElvenLorienArcherHorde,elves,2,CONTROLBAR:ConstructElvenBarracks,basic,1
CONTROLBAR:ArcherBarrage,elves,1,CONTROLBAR:ConstructElvenLorienArcherHorde,basic,2
CONTROLBAR:PurchaseUpgradeElvenSilverthornArrows,elves,2,CONTROLBAR:ConstructElvenLorienArcherHorde,basic,2
CONTROLBAR:PurchaseUpgradeElvenHeavyArmor,elves,3,CONTROLBAR:ConstructElvenLorienArcherHorde,basic,2
CONTROLBAR:PurchaseUpgradeElderRacesBasicTraining,elves,4,CONTROLBAR:ConstructElvenLorienArcherHorde,basic,2
CONTROLBAR:ConstructElvenMithlondSentryHorde,elves,3,CONTROLBAR:ConstructElvenBarracks,basic,1
CONTROLBAR:TogglePorcupineFormation,elves,1,CONTROLBAR:ConstructElvenMithlondSentryHorde,basic,2
CONTROLBAR:ToggleLineFormation,elves,1,CONTROLBAR:ConstructElvenMithlondSentryHorde,basic,2
CONTROLBAR:PurchaseUpgradeElvenForgedBlades,elves,2,CONTROLBAR:ConstructElvenMithlondSentryHorde,basic,2
CONTROLBAR:PurchaseUpgradeElvenHeavyArmor,elves,3,CONTROLBAR:ConstructElvenMithlondSentryHorde,basic,2
CONTROLBAR:PurchaseUpgradeElderRacesBasicTraining,elves,4,CONTROLBAR:ConstructElvenMithlondSentryHorde,basic,2
CONTROLBAR:ConstructElvenMirkwoodArcherHorde,elves,4,CONTROLBAR:ConstructElvenBarracks,basic,1
CONTROLBAR:ArcherBarrage,elves,1,CONTROLBAR:ConstructElvenMirkwoodArcherHorde,basic,2
CONTROLBAR:ElvenCloak,elves,2,CONTROLBAR:ConstructElvenMirkwoodArcherHorde,basic,2
CONTROLBAR:PurchaseUpgradeElvenSilverthornArrows,elves,3,CONTROLBAR:ConstructElvenMirkwoodArcherHorde,basic,2
CONTROLBAR:PurchaseUpgradeElderRacesBasicTraining,elves,4,CONTROLBAR:ConstructElvenMirkwoodArcherHorde,basic,2
CONTROLBAR:ConstructNoldorWarriorHorde,elves,5,CONTROLBAR:ConstructElvenBarracks,basic,1
CONTROLBAR:ToggleElvenWarriorWeapons,elves,1,CONTROLBAR:ConstructNoldorWarriorHorde,basic,2
CONTROLBAR:ArcherBarrage,elves,2,CONTROLBAR:ConstructNoldorWarriorHorde,basic,2
CONTROLBAR:NoldorWeaponSong,elves,3,CONTROLBAR:ConstructNoldorWarriorHorde,basic,2
CONTROLBAR:PurchaseUpgradeElvenBarracksLevel2,elves,6,CONTROLBAR:ConstructElvenBarracks,basic,1
CONTROLBAR:PurchaseUpgradeElvenBarracksLevel3,elves,7,CONTROLBAR:ConstructElvenBarracks,basic,1
CONTROLBAR:ConstructElvenStable,elves,3,,basic,0
CONTROLBAR:BuildElvenRivendellLancers,elves,1,CONTROLBAR:ConstructElvenStable,basic,1
CONTROLBAR:PurchaseUpgradeElvenForgedBlades,elves,1,CONTROLBAR:BuildElvenRivendellLancers,basic,2
CONTROLBAR:PurchaseUpgradeElvenHeavyArmor,elves,2,CONTROLBAR:BuildElvenRivendellLancers,basic,2
CONTROLBAR:PurchaseUpgradeElderRacesBasicTraining,elves,3,CONTROLBAR:BuildElvenRivendellLancers,basic,2
CONTROLBAR:BuildElvenRivendellArchers,elves,2,CONTROLBAR:ConstructElvenStable,basic,1
CONTROLBAR:PurchaseUpgradeElvenSilverthornArrows,elves,1,CONTROLBAR:BuildElvenRivendellArchers,basic,2
CONTROLBAR:PurchaseUpgradeElvenHeavyArmor,elves,2,CONTROLBAR:BuildElvenRivendellArchers,basic,2
CONTROLBAR:PurchaseUpgradeElderRacesBasicTraining,elves,3,CONTROLBAR:BuildElvenRivendellArchers,basic,2
CONTROLBAR:ConstructElvenGreenPastureLevel2Upgrade,elves,3,CONTROLBAR:ConstructElvenStable,basic,1
CONTROLBAR:ConstructElvenGreenPastureLevel3Upgrade,elves,4,CONTROLBAR:ConstructElvenStable,basic,1
CONTROLBAR:ConstructEntMoot,elves,4,,basic,0
CONTROLBAR:ConstructEnt,elves,1,CONTROLBAR:ConstructEntMoot,basic,1
CONTROLBAR:KickAndPunch,elves,1,CONTROLBAR:ConstructEnt,basic,2
CONTROLBAR:ThrowRocks,elves,1,CONTROLBAR:ConstructEnt,basic,2
CONTROLBAR:ConstructTreebeard,elves,2,CONTROLBAR:ConstructEntMoot,basic,1
CONTROLBAR:KickAndPunch,elves,1,CONTROLBAR:ConstructTreebeard,basic,2
CONTROLBAR:ThrowRocks,elves,1,CONTROLBAR:ConstructTreebeard,basic,2
CONTROLBAR:ToggleTrebWeapon,elves,2,CONTROLBAR:ConstructTreebeard,basic,2
CONTROLBAR:StopBombard,elves,2,CONTROLBAR:ConstructTreebeard,basic,2
CONTROLBAR:ConstructElvenBattleTower,elves,5,,basic,0
CONTROLBAR:GarrisonExit,elves,1,CONTROLBAR:ConstructElvenBattleTower,basic,1
CONTROLBAR:PurchaseUpgradeElvenSilverthornArrowsForBattleTower,elves,2,CONTROLBAR:ConstructElvenBattleTower,basic,1
CONTROLBAR:ConstructGaladrielsWell,elves,6,,basic,0
CONTROLBAR:ConstructElvenStatue,elves,7,,basic,0
CONTROLBAR:ConstructEregionForge,elves,8,,basic,0
CONTROLBAR:PurchaseTechnologyElvenBasicTraining,elves,1,CONTROLBAR:ConstructEregionForge,basic,1
CONTROLBAR:PurchaseTechnologyElvenHeavyArmor,elves,2,CONTROLBAR:ConstructEregionForge,basic,1
CONTROLBAR:PurchaseTechnologyElvenForgedBlades,elves,3,CONTROLBAR:ConstructEregionForge,basic,1
CONTROLBAR:PurchaseTechnologyElvenSilverthornArrows,elves,4,CONTROLBAR:ConstructEregionForge,basic,1
CONTROLBAR:PurchaseUpgradeEregionForgeLevel2,elves,5,CONTROLBAR:ConstructEregionForge,basic,1
CONTROLBAR:PurchaseUpgradeEregionForgeLevel3,elves,6,CONTROLBAR:ConstructEregionForge,basic,1
CONTROLBAR:ConstructElvenWallHub,elves,9,,basic,0
CONTROLBAR:Command_ElvenCastleWallHub_BeginWallSpan,elves,1,CONTROLBAR:ConstructElvenWallHub,basic,1
CONTROLBAR:Command_ElvenWallUpgradeToHub,elves,2,CONTROLBAR:ConstructElvenWallHub,basic,1
CONTROLBAR:Command_ElvenWallUpgradeToRegularGate,elves,3,CONTROLBAR:ConstructElvenWallHub,basic,1
CONTROLBAR:ConstructElvenFortress,elves,10,,basic,0
CONTROLBAR:ConstructElvenPorter,elves,1,CONTROLBAR:ConstructElvenFortress,basic,1
CONTROLBAR:SelectRevivablesElvenFortress,elves,2,CONTROLBAR:ConstructElvenFortress,basic,1
CONTROLBAR:ElvenArwenHotkey,elves,1,CONTROLBAR:SelectRevivablesElvenFortress,basic,2
CONTROLBAR:TheodenMount,elves,1,CONTROLBAR:ElvenArwenHotkey,basic,3
CONTROLBAR:ElvenGrace,elves,2,CONTROLBAR:ElvenArwenHotkey,basic,3
CONTROLBAR:PersonalFlood,elves,3,CONTROLBAR:ElvenArwenHotkey,basic,3
CONTROLBAR:ElvenHaldirHotkey,elves,2,CONTROLBAR:SelectRevivablesElvenFortress,basic,2
CONTROLBAR:ToggleElvenWarriorWeapons,elves,1,CONTROLBAR:ElvenHaldirHotkey,basic,3
CONTROLBAR:HaldirGoldenArrow,elves,2,CONTROLBAR:ElvenHaldirHotkey,basic,3
CONTROLBAR:ElvenGlorfindelHotkey,elves,3,CONTROLBAR:SelectRevivablesElvenFortress,basic,2
CONTROLBAR:TheodenMount,elves,1,CONTROLBAR:ElvenGlorfindelHotkey,basic,3
CONTROLBAR:GlorfindelBladeOfPurity,elves,2,CONTROLBAR:ElvenGlorfindelHotkey,basic,3
CONTROLBAR:GlorfindelWindRider,elves,3,CONTROLBAR:ElvenGlorfindelHotkey,basic,3
CONTROLBAR:GlorfindelStarlight,elves,4,CONTROLBAR:ElvenGlorfindelHotkey,basic,3
CONTROLBAR:ElvenElrondHotkey,elves,4,CONTROLBAR:SelectRevivablesElvenFortress,basic,2
CONTROLBAR:ElrondFarsight,elves,1,CONTROLBAR:ElvenElrondHotkey,basic,3
CONTROLBAR:ElvenGrace,elves,2,CONTROLBAR:ElvenElrondHotkey,basic,3
CONTROLBAR:ElrondRestoration,elves,3,CONTROLBAR:ElvenElrondHotkey,basic,3
CONTROLBAR:ElrondWhirlwind,elves,4,CONTROLBAR:ElvenElrondHotkey,basic,3
CONTROLBAR:RohanLegolasHotkey,elves,5,CONTROLBAR:SelectRevivablesElvenFortress,basic,2
CONTROLBAR:HawkStrike,elves,1,CONTROLBAR:RohanLegolasHotkey,basic,3
CONTROLBAR:TrainArchers,elves,2,CONTROLBAR:RohanLegolasHotkey,basic,3
CONTROLBAR:KnifeFighter,elves,3,CONTROLBAR:RohanLegolasHotkey,basic,3
CONTROLBAR:ArrowWind,elves,4,CONTROLBAR:RohanLegolasHotkey,basic,3
CONTROLBAR:ElvenThranduilHotkey,elves,6,CONTROLBAR:SelectRevivablesElvenFortress,basic,2
CONTROLBAR:MoveUnseen,elves,1,CONTROLBAR:ElvenThranduilHotkey,basic,3
CONTROLBAR:DeadEye,elves,2,CONTROLBAR:ElvenThranduilHotkey,basic,3
CONTROLBAR:ThornofVengeance,elves,3,CONTROLBAR:ElvenThranduilHotkey,basic,3
CONTROLBAR:SelectUpgradesElvenFortress,elves,3,CONTROLBAR:ConstructElvenFortress,basic,1
CONTROLBAR:PurchaseUpgradeElvenFortressEnchantedAnvil,elves,1,CONTROLBAR:SelectUpgradesElvenFortress,basic,2
CONTROLBAR:PurchaseUpgradeElvenFortressBlessedMist,elves,2,CONTROLBAR:SelectUpgradesElvenFortress,basic,2
CONTROLBAR:PurchaseUpgradeElvenFortressCrystalMoat,elves,3,CONTROLBAR:SelectUpgradesElvenFortress,basic,2
CONTROLBAR:PurchaseUpgradeElvenFortressMysticFountains,elves,4,CONTROLBAR:SelectUpgradesElvenFortress,basic,2
CONTROLBAR:PurchaseUpgradeElvenFortressFlamingMunitions,elves,5,CONTROLBAR:SelectUpgradesElvenFortress,basic,2
CONTROLBAR:PurchaseUpgradeElvenFortressEncasingVines,elves,6,CONTROLBAR:SelectUpgradesElvenFortress,basic,2
CONTROLBAR:PurchaseUpgradeElvenFortressEaglesNest,elves,7,CONTROLBAR:SelectUpgradesElvenFortress,basic,2
CONTROLBAR:PurchaseElvenEagle,elves,4,CONTROLBAR:ConstructElvenFortress,basic,1
CONTROLBAR:SpecialAbilityWingBlast,elves,1,CONTROLBAR:PurchaseElvenEagle,basic,2
OBJECT:ElvenBuildingFoundation,elves,5,CONTROLBAR:ConstructElvenFortress,basic,1
CONTROLBAR:Command_ConstructElvenWallHubExpansionCastle,elves,1,OBJECT:ElvenBuildingFoundation,basic,2
CONTROLBAR:ConstructElvenWatchtowerExpansion,elves,2,OBJECT:ElvenBuildingFoundation,basic,2
CONTROLBAR:ConstructElvenVigilantEntExpansion,elves,3,OBJECT:ElvenBuildingFoundation,basic,2
CONTROLBAR:ConstructElvenFloodgateExpansion,elves,4,OBJECT:ElvenBuildingFoundation,basic,2
OBJECT:InnTavern,elves,,,inn,0
CONTROLBAR:ConstructRohanPeasant,elves,1,OBJECT:InnTavern,inn,1
CONTROLBAR:PurchaseUpgradeRohirrimShields,elves,1,CONTROLBAR:ConstructRohanPeasant,inn,2
CONTROLBAR:PurchaseUpgradeElvenForgedBlades,elves,2,CONTROLBAR:ConstructRohanPeasant,inn,2
CONTROLBAR:PurchaseUpgradeElvenHeavyArmor,elves,3,CONTROLBAR:ConstructRohanPeasant,inn,2
CONTROLBAR:PurchaseUpgradeElderRacesBasicTraining,elves,4,CONTROLBAR:ConstructRohanPeasant,inn,2
CONTROLBAR:GoodPlayerExperienceMenu,elves,,,power,0
OBJECT:TomBombadil,elves,,CONTROLBAR:GoodPlayerExperienceMenu,power,1
CONTROLBAR:SonicSong,elves,1,OBJECT:TomBombadil,power,2
CONTROLBAR:ConstructDwarvenMineShaft,dwarves,1,,basic,0
CONTROLBAR:GarrisonExit,dwarves,1,CONTROLBAR:ConstructDwarvenMineShaft,basic,1
CONTROLBAR:EvacuateAll,dwarves,2,CONTROLBAR:ConstructDwarvenMineShaft,basic,1
CONTROLBAR:ConstructDwarvenBarracks,dwarves,2,,basic,0
CONTROLBAR:ConstructDwarvenGuardianHorde,dwarves,1,CONTROLBAR:ConstructDwarvenBarracks,basic,1
CONTROLBAR:DwarvenGuardianChargeAttack,dwarves,1,CONTROLBAR:ConstructDwarvenGuardianHorde,basic,2
CONTROLBAR:PurchaseUpgradeDwarvenSiegeHammer,dwarves,2,CONTROLBAR:ConstructDwarvenGuardianHorde,basic,2
CONTROLBAR:PurchaseUpgradeDwarvenForgedBlades,dwarves,3,CONTROLBAR:ConstructDwarvenGuardianHorde,basic,2
CONTROLBAR:PurchaseUpgradeDwarvenMithrilMail,dwarves,4,CONTROLBAR:ConstructDwarvenGuardianHorde,basic,2
CONTROLBAR:PurchaseUpgradeDwarvenBasicTraining,dwarves,5,CONTROLBAR:ConstructDwarvenGuardianHorde,basic,2
CONTROLBAR:ConstructDwarvenPhalanxHorde,dwarves,2,CONTROLBAR:ConstructDwarvenBarracks,basic,1
CONTROLBAR:TogglePorcupineFormation,dwarves,1,CONTROLBAR:ConstructDwarvenPhalanxHorde,basic,2
CONTROLBAR:ToggleLineFormation,dwarves,1,CONTROLBAR:ConstructDwarvenPhalanxHorde,basic,2
CONTROLBAR:PurchaseUpgradeDwarvenForgedBlades,dwarves,2,CONTROLBAR:ConstructDwarvenPhalanxHorde,basic,2
CONTROLBAR:PurchaseUpgradeDwarvenMithrilMail,dwarves,3,CONTROLBAR:ConstructDwarvenPhalanxHorde,basic,2
CONTROLBAR:PurchaseUpgradeDwarvenBasicTraining,dwarves,4,CONTROLBAR:ConstructDwarvenPhalanxHorde,basic,2
CONTROLBAR:PurchaseTechnologyDwarvenBasicTraining,dwarves,3,CONTROLBAR:ConstructDwarvenBarracks,basic,1
CONTROLBAR:PurchaseTechnologyDwarvenSiegeHammer,dwarves,4,CONTROLBAR:ConstructDwarvenBarracks,basic,1
CONTROLBAR:ConstructDwarvenZerkerHorde,dwarves,5,CONTROLBAR:ConstructDwarvenBarracks,basic,1
CONTROLBAR:AxeThrow,dwarves,1,CONTROLBAR:ConstructDwarvenZerkerHorde,basic,2
CONTROLBAR:ZerkSlayer,dwarves,2,CONTROLBAR:ConstructDwarvenZerkerHorde,basic,2
CONTROLBAR:UpgradeDwarvenBarracksLevel2,dwarves,6,CONTROLBAR:ConstructDwarvenBarracks,basic,1
CONTROLBAR:UpgradeDwarvenBarracksLevel3,dwarves,7,CONTROLBAR:ConstructDwarvenBarracks,basic,1
CONTROLBAR:ConstructDwarvenArcheryRange,dwarves,3,,basic,0
CONTROLBAR:ConstructDwarvenAxeThrowerHorde,dwarves,1,CONTROLBAR:ConstructDwarvenArcheryRange,basic,1
CONTROLBAR:ArcherBarrage,dwarves,1,CONTROLBAR:ConstructDwarvenAxeThrowerHorde,basic,2
CONTROLBAR:PurchaseUpgradeDwarvenForgedBlades,dwarves,2,CONTROLBAR:ConstructDwarvenAxeThrowerHorde,basic,2
CONTROLBAR:PurchaseUpgradeDwarvenMithrilMail,dwarves,3,CONTROLBAR:ConstructDwarvenAxeThrowerHorde,basic,2
CONTROLBAR:PurchaseUpgradeDwarvenBasicTraining,dwarves,4,CONTROLBAR:ConstructDwarvenAxeThrowerHorde,basic,2
CONTROLBAR:ConstructDwarvenMenOfDale,dwarves,2,CONTROLBAR:ConstructDwarvenArcheryRange,basic,1
CONTROLBAR:ArcherBarrage,dwarves,1,CONTROLBAR:ConstructDwarvenMenOfDale,basic,2
CONTROLBAR:BlackArrows,dwarves,2,CONTROLBAR:ConstructDwarvenMenOfDale,basic,2
CONTROLBAR:FireArrowUpgrade,dwarves,3,CONTROLBAR:ConstructDwarvenMenOfDale,basic,2
CONTROLBAR:PurchaseUpgradeDwarvenMithrilMail,dwarves,4,CONTROLBAR:ConstructDwarvenMenOfDale,basic,2
CONTROLBAR:PurchaseUpgradeDwarvenBasicTraining,dwarves,5,CONTROLBAR:ConstructDwarvenMenOfDale,basic,2
CONTROLBAR:PurchaseTechnologyRohanFireArrows,dwarves,3,CONTROLBAR:ConstructDwarvenArcheryRange,basic,1
CONTROLBAR:ConstructDwarvenArcheryRangeLevel2Upgrade,dwarves,4,CONTROLBAR:ConstructDwarvenArcheryRange,basic,1
CONTROLBAR:ConstructDwarvenArcheryRangeLevel3Upgrade,dwarves,5,CONTROLBAR:ConstructDwarvenArcheryRange,basic,1
CONTROLBAR:ConstructDwarvenForgeWorks,dwarves,4,,basic,0
CONTROLBAR:ConstructDwarvenBattleWagon,dwarves,1,CONTROLBAR:ConstructDwarvenForgeWorks,basic,1
CONTROLBAR:SpecialAbilityOilBarrels,dwarves,1,CONTROLBAR:ConstructDwarvenBattleWagon,basic,2
CONTROLBAR:BattleWagonUpgradeHearth,dwarves,2,CONTROLBAR:ConstructDwarvenBattleWagon,basic,2
CONTROLBAR:BattleWagonUpgradeAxeThrowers,dwarves,3,CONTROLBAR:ConstructDwarvenBattleWagon,basic,2
CONTROLBAR:BattleWagonUpgradeBannerCarrier,dwarves,4,CONTROLBAR:ConstructDwarvenBattleWagon,basic,2
CONTROLBAR:BattleWagonUpgradeMenOfDale,dwarves,5,CONTROLBAR:ConstructDwarvenBattleWagon,basic,2
CONTROLBAR:ConstructDwarvenDemolisher,dwarves,2,CONTROLBAR:ConstructDwarvenForgeWorks,basic,1
CONTROLBAR:SpecialAbilityDwarvenDemolisherDeploy,dwarves,1,CONTROLBAR:ConstructDwarvenDemolisher,basic,2
CONTROLBAR:PurchaseUpgradeDwarvenMithrilMail,dwarves,2,CONTROLBAR:ConstructDwarvenDemolisher,basic,2
CONTROLBAR:ConstructDwarvenCatapult,dwarves,3,CONTROLBAR:ConstructDwarvenForgeWorks,basic,1
CONTROLBAR:SpecialAbilityIronHillsCatapultOilBarrels,dwarves,1,CONTROLBAR:ConstructDwarvenCatapult,basic,2
CONTROLBAR:ToggleTrebWeapon,dwarves,2,CONTROLBAR:ConstructDwarvenCatapult,basic,2
CONTROLBAR:StopBombard,dwarves,2,CONTROLBAR:ConstructDwarvenCatapult,basic,2
CONTROLBAR:NoAutoAcquire,dwarves,3,CONTROLBAR:ConstructDwarvenCatapult,basic,2
CONTROLBAR:AutoAcquire,dwarves,3,CONTROLBAR:ConstructDwarvenCatapult,basic,2
CONTROLBAR:PurchaseUpgradeDwarvenFlamingShot,dwarves,4,CONTROLBAR:ConstructDwarvenCatapult,basic,2
CONTROLBAR:PurchaseTechnologyDwarvenForgedBlades,dwarves,4,CONTROLBAR:ConstructDwarvenForgeWorks,basic,1
CONTROLBAR:PurchaseTechnologyDwarvenMithrilMail,dwarves,5,CONTROLBAR:ConstructDwarvenForgeWorks,basic,1
CONTROLBAR:PurchaseTechnologyDwarvenFlamingShot,dwarves,6,CONTROLBAR:ConstructDwarvenForgeWorks,basic,1
CONTROLBAR:UpgradeDwarvenForgeWorksLevel2,dwarves,7,CONTROLBAR:ConstructDwarvenForgeWorks,basic,1
CONTROLBAR:UpgradeDwarvenForgeWorksLevel3,dwarves,8,CONTROLBAR:ConstructDwarvenForgeWorks,basic,1
CONTROLBAR:ConstructDwarvenSentryTower,dwarves,5,,basic,0
CONTROLBAR:GarrisonExit,dwarves,1,CONTROLBAR:ConstructDwarvenSentryTower,basic,1
CONTROLBAR:PurchaseUpgradeSentryTowerForgedBlades,dwarves,2,CONTROLBAR:ConstructDwarvenSentryTower,basic,1
CONTROLBAR:ConstructDwarvenHearth,dwarves,6,,basic,0
CONTROLBAR:ConstructDwarvenStatue,dwarves,7,,basic,0
CONTROLBAR:ConstructDwarvenWallHub,dwarves,8,,basic,0
CONTROLBAR:Command_DwarvenCastleWallHub_BeginWallSpan,dwarves,1,CONTROLBAR:ConstructDwarvenWallHub,basic,1
CONTROLBAR:Command_DwarvenWallUpgradeToHub,dwarves,2,CONTROLBAR:ConstructDwarvenWallHub,basic,1
CONTROLBAR:Command_DwarvenWallUpgradeToRegularGate,dwarves,3,CONTROLBAR:ConstructDwarvenWallHub,basic,1
CONTROLBAR:Command_DwarvenWallUpgradeToPosternGate,dwarves,4,CONTROLBAR:ConstructDwarvenWallHub,basic,1
CONTROLBAR:Command_DwarvenWallUpgradeToTower,dwarves,5,CONTROLBAR:ConstructDwarvenWallHub,basic,1
CONTROLBAR:Command_DwarvenWallUpgradeToCatapult,dwarves,6,CONTROLBAR:ConstructDwarvenWallHub,basic,1
CONTROLBAR:ConstructDwarvenFortress,dwarves,9,,basic,0
CONTROLBAR:ConstructDwarvenPorter,dwarves,1,CONTROLBAR:ConstructDwarvenFortress,basic,1
CONTROLBAR:SelectRevivablesDwarvenFortress,dwarves,2,CONTROLBAR:ConstructDwarvenFortress,basic,1
CONTROLBAR:DwarvenCaptainofDaleHotkey,dwarves,1,CONTROLBAR:SelectRevivablesDwarvenFortress,basic,2
CONTROLBAR:ToggleBrandWeapons,dwarves,1,CONTROLBAR:DwarvenCaptainofDaleHotkey,basic,3
CONTROLBAR:DaleSlamArrow,dwarves,2,CONTROLBAR:DwarvenCaptainofDaleHotkey,basic,3
CONTROLBAR:TrainArchers,dwarves,3,CONTROLBAR:DwarvenCaptainofDaleHotkey,basic,3
CONTROLBAR:DaleBeastSlayerArrow,dwarves,4,CONTROLBAR:DwarvenCaptainofDaleHotkey,basic,3
CONTROLBAR:GloinHotkey,dwarves,2,CONTROLBAR:SelectRevivablesDwarvenFortress,basic,2
CONTROLBAR:GloinSlam,dwarves,1,CONTROLBAR:GloinHotkey,basic,3
CONTROLBAR:GloinShakeFoundation,dwarves,2,CONTROLBAR:GloinHotkey,basic,3
CONTROLBAR:GloinSmash,dwarves,3,CONTROLBAR:GloinHotkey,basic,3
CONTROLBAR:DwarvenDainHotkey,dwarves,3,CONTROLBAR:SelectRevivablesDwarvenFortress,basic,2
CONTROLBAR:MightyRage,dwarves,1,CONTROLBAR:DwarvenDainHotkey,basic,3
CONTROLBAR:SummonRoyalGuard,dwarves,2,CONTROLBAR:DwarvenDainHotkey,basic,3
CONTROLBAR:RohanGimliHotkey,dwarves,4,CONTROLBAR:SelectRevivablesDwarvenFortress,basic,2
CONTROLBAR:AxeThrow,dwarves,1,CONTROLBAR:RohanGimliHotkey,basic,3
CONTROLBAR:Leap,dwarves,2,CONTROLBAR:RohanGimliHotkey,basic,3
CONTROLBAR:Slayer,dwarves,3,CONTROLBAR:RohanGimliHotkey,basic,3
CONTROLBAR:SelectUpgradesDwarvenFortress,dwarves,3,CONTROLBAR:ConstructDwarvenFortress,basic,1
CONTROLBAR:PurchaseUpgradeDwarvenFortressBanners,dwarves,1,CONTROLBAR:SelectUpgradesDwarvenFortress,basic,2
CONTROLBAR:PurchaseUpgradeDwarvenFortressSiegeKegs,dwarves,2,CONTROLBAR:SelectUpgradesDwarvenFortress,basic,2
CONTROLBAR:PurchaseUpgradeDwarvenFortressOilCasks,dwarves,3,CONTROLBAR:SelectUpgradesDwarvenFortress,basic,2
CONTROLBAR:PurchaseUpgradeDwarvenFortressFlamingMunitions,dwarves,4,CONTROLBAR:SelectUpgradesDwarvenFortress,basic,2
CONTROLBAR:PurchaseUpgradeDwarvenFortressDwarvenStonework,dwarves,5,CONTROLBAR:SelectUpgradesDwarvenFortress,basic,2
CONTROLBAR:PurchaseUpgradeDwarvenFortressMightyCatapult,dwarves,6,CONTROLBAR:SelectUpgradesDwarvenFortress,basic,2
CONTROLBAR:FireWeaponDwarvenFortressOilCasks,dwarves,4,CONTROLBAR:ConstructDwarvenFortress,basic,1
CONTROLBAR:FireWeaponMightyCatapult,dwarves,5,CONTROLBAR:ConstructDwarvenFortress,basic,1
OBJECT:DwarvenBuildingFoundation,dwarves,,CONTROLBAR:ConstructDwarvenFortress,basic,1
CONTROLBAR:Command_ConstructDwarvenWallHubExpansion,dwarves,1,OBJECT:DwarvenBuildingFoundation,basic,2
CONTROLBAR:ConstructDwarvenHallExpansion,dwarves,2,OBJECT:DwarvenBuildingFoundation,basic,2
CONTROLBAR:GarrisonExit,dwarves,1,CONTROLBAR:ConstructDwarvenHallExpansion,basic,3
CONTROLBAR:EvacuateAll,dwarves,1,CONTROLBAR:ConstructDwarvenHallExpansion,basic,3
CONTROLBAR:ConstructDwarvenEreborTowerTowerExpansion,dwarves,3,OBJECT:DwarvenBuildingFoundation,basic,2
CONTROLBAR:ConstructDwarvenCatapultExpansion,dwarves,4,OBJECT:DwarvenBuildingFoundation,basic,2
OBJECT:InnTavern,dwarves,,,inn,0
CONTROLBAR:ConstructElvenHobbitShirrif,dwarves,1,OBJECT:InnTavern,inn,1
CONTROLBAR:tooltipCommand_ToggleEntRockThrow,dwarves,1,CONTROLBAR:ConstructElvenHobbitShirrif,inn,2
CONTROLBAR:UseStick,dwarves,2,CONTROLBAR:ConstructElvenHobbitShirrif,inn,2
CONTROLBAR:PurchaseUpgradeDwarvenBasicTraining,dwarves,3,CONTROLBAR:ConstructElvenHobbitShirrif,inn,2
CONTROLBAR:GoodPlayerExperienceMenu,dwarves,,,power,0
CONTROLBAR:SummonHobbitAllies,dwarves,,CONTROLBAR:GoodPlayerExperienceMenu,power,1
OBJECT:RohanFrodo,dwarves,,CONTROLBAR:SummonHobbitAllies,power,2
CONTROLBAR:tooltipCommand_ToggleEntRockThrow,dwarves,1,OBJECT:RohanFrodo,power,3
CONTROLBAR:UseSword,dwarves,1,OBJECT:RohanFrodo,power,3
CONTROLBAR:FrodoOneRing,dwarves,2,OBJECT:RohanFrodo,power,3
CONTROLBAR:PhialofGaladriel,dwarves,3,OBJECT:RohanFrodo,power,3
OBJECT:RohanSam,dwarves,,CONTROLBAR:SummonHobbitAllies,power,2
CONTROLBAR:tooltipCommand_ToggleEntRockThrow,dwarves,1,OBJECT:RohanSam,power,3
CONTROLBAR:UseStick,dwarves,1,OBJECT:RohanSam,power,3
CONTROLBAR:ElvenCloak,dwarves,2,OBJECT:RohanSam,power,3
CONTROLBAR:FryingPan,dwarves,3,OBJECT:RohanSam,power,3
OBJECT:RohanMerry,dwarves,,CONTROLBAR:SummonHobbitAllies,power,2
CONTROLBAR:tooltipCommand_ToggleEntRockThrow,dwarves,1,OBJECT:RohanMerry,power,3
CONTROLBAR:UseStick,dwarves,1,OBJECT:RohanMerry,power,3
CONTROLBAR:ElvenCloak,dwarves,2,OBJECT:RohanMerry,power,3
OBJECT:RohanPippin,dwarves,,CONTROLBAR:SummonHobbitAllies,power,2
CONTROLBAR:tooltipCommand_ToggleEntRockThrow,dwarves,1,OBJECT:RohanPippin,power,3
CONTROLBAR:UseStick,dwarves,1,OBJECT:RohanPippin,power,3
CONTROLBAR:ElvenCloak,dwarves,2,OBJECT:RohanPippin,power,3
CONTROLBAR:ConstructFurnace,isengard,1,,basic,0
CONTROLBAR:ConstructIsengardLumberMill,isengard,2,,basic,0
CONTROLBAR:BuildMordorWorker,isengard,1,CONTROLBAR:ConstructIsengardLumberMill,basic,1
CONTROLBAR:ConstructIsengardUrukPit,isengard,3,,basic,0
CONTROLBAR:ConstructIsengardUrukHai,isengard,1,CONTROLBAR:ConstructIsengardUrukPit,basic,1
CONTROLBAR:ToggleBlockFormation,isengard,1,CONTROLBAR:ConstructIsengardUrukHai,basic,2
CONTROLBAR:ToggleLineFormation,isengard,1,CONTROLBAR:ConstructIsengardUrukHai,basic,2
CONTROLBAR:PurchaseUpgradeIsengardForgedBlades,isengard,2,CONTROLBAR:ConstructIsengardUrukHai,basic,2
CONTROLBAR:PurchaseUpgradeIsengardHeavyArmor,isengard,3,CONTROLBAR:ConstructIsengardUrukHai,basic,2
CONTROLBAR:PurchaseUpgradeIsengardBasicTraining,isengard,4,CONTROLBAR:ConstructIsengardUrukHai,basic,2
CONTROLBAR:ConstructIsengardCrossbowmen,isengard,2,CONTROLBAR:ConstructIsengardUrukPit,basic,1
CONTROLBAR:ArcherBarrage,isengard,1,CONTROLBAR:ConstructIsengardCrossbowmen,basic,2
CONTROLBAR:FireArrowUpgrade,isengard,2,CONTROLBAR:ConstructIsengardCrossbowmen,basic,2
CONTROLBAR:PurchaseUpgradeIsengardHeavyArmor,isengard,3,CONTROLBAR:ConstructIsengardCrossbowmen,basic,2
CONTROLBAR:PurchaseUpgradeIsengardBasicTraining,isengard,4,CONTROLBAR:ConstructIsengardCrossbowmen,basic,2
CONTROLBAR:ConstructIsengardPikemen,isengard,3,CONTROLBAR:ConstructIsengardUrukPit,basic,1
CONTROLBAR:TogglePorcupineFormation,isengard,1,CONTROLBAR:ConstructIsengardPikemen,basic,2
CONTROLBAR:ToggleLineFormation,isengard,1,CONTROLBAR:ConstructIsengardPikemen,basic,2
CONTROLBAR:PurchaseUpgradeIsengardForgedBlades,isengard,2,CONTROLBAR:ConstructIsengardPikemen,basic,2
CONTROLBAR:PurchaseUpgradeIsengardHeavyArmor,isengard,3,CONTROLBAR:ConstructIsengardPikemen,basic,2
CONTROLBAR:PurchaseUpgradeIsengardBasicTraining,isengard,4,CONTROLBAR:ConstructIsengardPikemen,basic,2
CONTROLBAR:ConstructIsengardBerserker,isengard,4,CONTROLBAR:ConstructIsengardUrukPit,basic,1
CONTROLBAR:LightTorch,isengard,1,CONTROLBAR:ConstructIsengardBerserker,basic,2
CONTROLBAR:ExtinguishTorch,isengard,1,CONTROLBAR:ConstructIsengardBerserker,basic,2
CONTROLBAR:ConstructIsengardBerserkerHorde,isengard,5,CONTROLBAR:ConstructIsengardUrukPit,basic,1
CONTROLBAR:FanaticDeathWish,isengard,1,CONTROLBAR:ConstructIsengardBerserkerHorde,basic,2
CONTROLBAR:UpgradeIsengardUrukPitLevel2,isengard,6,CONTROLBAR:ConstructIsengardUrukPit,basic,1
CONTROLBAR:UpgradeIsengardUrukPitLevel3,isengard,7,CONTROLBAR:ConstructIsengardUrukPit,basic,1
CONTROLBAR:ConstructIsengardTavern,isengard,4,,basic,0
CONTROLBAR:ConstructIsengardWildmanHorde,isengard,1,CONTROLBAR:ConstructIsengardTavern,basic,1
CONTROLBAR:PurchaseUpgradeIsengardTorches,isengard,1,CONTROLBAR:ConstructIsengardWildmanHorde,basic,2
CONTROLBAR:PurchaseUpgradeIsengardHeavyArmor,isengard,2,CONTROLBAR:ConstructIsengardWildmanHorde,basic,2
CONTROLBAR:PurchaseUpgradeIsengardBasicTraining,isengard,3,CONTROLBAR:ConstructIsengardWildmanHorde,basic,2
CONTROLBAR:ConstructIsengardWildmanAxeHorde,isengard,2,CONTROLBAR:ConstructIsengardTavern,basic,1
CONTROLBAR:PurchaseUpgradeIsengardForgedBlades,isengard,1,CONTROLBAR:ConstructIsengardWildmanAxeHorde,basic,2
CONTROLBAR:PurchaseUpgradeIsengardHeavyArmor,isengard,2,CONTROLBAR:ConstructIsengardWildmanAxeHorde,basic,2
CONTROLBAR:PurchaseUpgradeIsengardBasicTraining,isengard,3,CONTROLBAR:ConstructIsengardWildmanAxeHorde,basic,2
CONTROLBAR:UpgradeIsengardTavernLevel2,isengard,3,CONTROLBAR:ConstructIsengardTavern,basic,1
CONTROLBAR:UpgradeIsengardTavernLevel3,isengard,4,CONTROLBAR:ConstructIsengardTavern,basic,1
CONTROLBAR:ConstructIsengardWargPit,isengard,5,,basic,0
CONTROLBAR:ConstructIsengardWargPack,isengard,1,CONTROLBAR:ConstructIsengardWargPit,basic,1
CONTROLBAR:WargRiderHowl,isengard,1,CONTROLBAR:ConstructIsengardWargPack,basic,2
CONTROLBAR:PurchaseUpgradeIsengardBasicTraining,isengard,2,CONTROLBAR:ConstructIsengardWargPack,basic,2
CONTROLBAR:ConstructIsengardWargRider,isengard,2,CONTROLBAR:ConstructIsengardWargPit,basic,1
CONTROLBAR:WargRiderHowl,isengard,1,CONTROLBAR:ConstructIsengardWargRider,basic,2
CONTROLBAR:PurchaseUpgradeIsengardForgedBlades,isengard,2,CONTROLBAR:ConstructIsengardWargRider,basic,2
CONTROLBAR:PurchaseUpgradeIsengardHeavyArmor,isengard,3,CONTROLBAR:ConstructIsengardWargRider,basic,2
CONTROLBAR:PurchaseUpgradeIsengardBasicTraining,isengard,4,CONTROLBAR:ConstructIsengardWargRider,basic,2
CONTROLBAR:UpgradeIsengardWargPitLevel2,isengard,3,CONTROLBAR:ConstructIsengardWargPit,basic,1
CONTROLBAR:UpgradeIsengardWargPitLevel3,isengard,4,CONTROLBAR:ConstructIsengardWargPit,basic,1
CONTROLBAR:ConstructIsengardSiegeWorks,isengard,6,,basic,0
CONTROLBAR:ConstructIsengardBatteringRam,isengard,1,CONTROLBAR:ConstructIsengardSiegeWorks,basic,1
CONTROLBAR:ConstructIsengardSiegeLadder,isengard,,CONTROLBAR:ConstructIsengardSiegeWorks,basic,1
CONTROLBAR:SiegeRetract,isengard,1,CONTROLBAR:ConstructIsengardSiegeLadder,basic,2
CONTROLBAR:ConstructIsengardSiegeBallista,isengard,2,CONTROLBAR:ConstructIsengardSiegeWorks,basic,1
CONTROLBAR:ToggleTrebWeapon,isengard,1,CONTROLBAR:ConstructIsengardSiegeBallista,basic,2
CONTROLBAR:StopBombard,isengard,1,CONTROLBAR:ConstructIsengardSiegeBallista,basic,2
CONTROLBAR:NoAutoAcquire,isengard,2,CONTROLBAR:ConstructIsengardSiegeBallista,basic,2
CONTROLBAR:AutoAcquire,isengard,2,CONTROLBAR:ConstructIsengardSiegeBallista,basic,2
CONTROLBAR:ConstructIsengardExplosiveMine,isengard,3,CONTROLBAR:ConstructIsengardSiegeWorks,basic,1
CONTROLBAR:DeployMine,isengard,1,CONTROLBAR:ConstructIsengardExplosiveMine,basic,2
CONTROLBAR:UpgradeIsengardSiegeWorksLevel2,isengard,4,CONTROLBAR:ConstructIsengardSiegeWorks,basic,1
CONTROLBAR:UpgradeIsengardSiegeWorksLevel3,isengard,5,CONTROLBAR:ConstructIsengardSiegeWorks,basic,1
CONTROLBAR:ConstructIsengardBattleTower,isengard,7,,basic,0
CONTROLBAR:GarrisonExit,isengard,1,CONTROLBAR:ConstructIsengardBattleTower,basic,1
CONTROLBAR:PurchaseUpgradeSentryTowerFireArrows,isengard,2,CONTROLBAR:ConstructIsengardBattleTower,basic,1
CONTROLBAR:ConstructIsengardWargSentry,isengard,8,,basic,0
CONTROLBAR:ConstructIsengardArmory,isengard,9,,basic,0
CONTROLBAR:PurchaseTechnologyIsengardBasicTraining,isengard,1,CONTROLBAR:ConstructIsengardArmory,basic,1
CONTROLBAR:PurchaseTechnologyIsengardFireArrows,isengard,2,CONTROLBAR:ConstructIsengardArmory,basic,1
CONTROLBAR:PurchaseTechnologyIsengardForgedBlades,isengard,3,CONTROLBAR:ConstructIsengardArmory,basic,1
CONTROLBAR:PurchaseTechnologyIsengardHeavyArmor,isengard,4,CONTROLBAR:ConstructIsengardArmory,basic,1
CONTROLBAR:ConstructIsengardArmoryLevel2,isengard,5,CONTROLBAR:ConstructIsengardArmory,basic,1
CONTROLBAR:ConstructIsengardArmoryLevel3,isengard,6,CONTROLBAR:ConstructIsengardArmory,basic,1
CONTROLBAR:Command_ConstructIsengardCastleWallHub,isengard,10,,basic,0
CONTROLBAR:Command_IsengardCastleWallHub_BeginWallSpan,isengard,1,CONTROLBAR:Command_ConstructIsengardCastleWallHub,basic,1
CONTROLBAR:Command_IsengardWallUpgradeToHub,isengard,1,CONTROLBAR:Command_ConstructIsengardCastleWallHub,basic,1
CONTROLBAR:Command_IsengardWallUpgradeToRegularGate,isengard,2,CONTROLBAR:Command_ConstructIsengardCastleWallHub,basic,1
CONTROLBAR:ConstructIsengardFortress,isengard,11,,basic,0
CONTROLBAR:ConstructIsengardPorter,isengard,1,CONTROLBAR:ConstructIsengardFortress,basic,1
CONTROLBAR:SelectRevivablesIsengardFortress,isengard,2,CONTROLBAR:ConstructIsengardFortress,basic,1
CONTROLBAR:IsengardWormtongueHotkey,isengard,1,CONTROLBAR:SelectRevivablesIsengardFortress,basic,2
CONTROLBAR:Escape,isengard,1,CONTROLBAR:IsengardWormtongueHotkey,basic,3
CONTROLBAR:VenomousWords,isengard,2,CONTROLBAR:IsengardWormtongueHotkey,basic,3
CONTROLBAR:Backstab,isengard,3,CONTROLBAR:IsengardWormtongueHotkey,basic,3
CONTROLBAR:CorrodeAllegiance,isengard,4,CONTROLBAR:IsengardWormtongueHotkey,basic,3
CONTROLBAR:IsengardSharkuHotkey,isengard,2,CONTROLBAR:SelectRevivablesIsengardFortress,basic,2
CONTROLBAR:TameTheBeast,isengard,1,CONTROLBAR:IsengardSharkuHotkey,basic,3
CONTROLBAR:SharkuManEater,isengard,2,CONTROLBAR:IsengardSharkuHotkey,basic,3
CONTROLBAR:IsengardLurtzHotkey,isengard,3,CONTROLBAR:SelectRevivablesIsengardFortress,basic,2
CONTROLBAR:ToggleLurtzWeapon,isengard,1,CONTROLBAR:IsengardLurtzHotkey,basic,3
CONTROLBAR:SpecialAbilityLurtzCarnage,isengard,2,CONTROLBAR:IsengardLurtzHotkey,basic,3
CONTROLBAR:SpecialAbilityLurtzCripple,isengard,3,CONTROLBAR:IsengardLurtzHotkey,basic,3
CONTROLBAR:IsengardSarumanHotkey,isengard,4,CONTROLBAR:SelectRevivablesIsengardFortress,basic,2
CONTROLBAR:WizardBlast,isengard,1,CONTROLBAR:IsengardSarumanHotkey,basic,3
CONTROLBAR:SpecialAbilitySarumanFireball,isengard,2,CONTROLBAR:IsengardSarumanHotkey,basic,3
CONTROLBAR:SpeechCraft,isengard,3,CONTROLBAR:IsengardSarumanHotkey,basic,3
CONTROLBAR:ThunderBolt,isengard,4,CONTROLBAR:IsengardSarumanHotkey,basic,3
CONTROLBAR:Dominate,isengard,5,CONTROLBAR:IsengardSarumanHotkey,basic,3
CONTROLBAR:SelectUpgradesIsengardFortress,isengard,3,CONTROLBAR:ConstructIsengardFortress,basic,1
CONTROLBAR:PurchaseUpgradeIsengardFortressMurderOfCrows,isengard,1,CONTROLBAR:SelectUpgradesIsengardFortress,basic,2
CONTROLBAR:PurchaseUpgradeIsengardFortressExcavations,isengard,2,CONTROLBAR:SelectUpgradesIsengardFortress,basic,2
CONTROLBAR:PurchaseUpgradeIsengardFortressBurningForges,isengard,3,CONTROLBAR:SelectUpgradesIsengardFortress,basic,2
CONTROLBAR:PurchaseUpgradeIsengardFortressOrcfireMunitions,isengard,4,CONTROLBAR:SelectUpgradesIsengardFortress,basic,2
CONTROLBAR:PurchaseUpgradeIsengardFortressIronPlating,isengard,5,CONTROLBAR:SelectUpgradesIsengardFortress,basic,2
CONTROLBAR:PurchaseUpgradeIsengardFortressWizardsTower,isengard,6,CONTROLBAR:SelectUpgradesIsengardFortress,basic,2
CONTROLBAR:WizardsTowerLightningStrike,isengard,4,CONTROLBAR:ConstructIsengardFortress,basic,1
OBJECT:IsengardBuildingFoundation,isengard,,CONTROLBAR:ConstructIsengardFortress,basic,1
CONTROLBAR:ConstructIsengardWallHubExpansion,isengard,1,OBJECT:IsengardBuildingFoundation,basic,2
CONTROLBAR:ConstructIsengardTowerExpansion,isengard,2,OBJECT:IsengardBuildingFoundation,basic,2
CONTROLBAR:ConstructIsengardBallistaExpansion,isengard,3,OBJECT:IsengardBuildingFoundation,basic,2
CONTROLBAR:ConstructIsengardMineLauncherExpansion,isengard,4,OBJECT:IsengardBuildingFoundation,basic,2
OBJECT:InnTavern,isengard,,,inn,0
CONTROLBAR:ConstructMordorBlackOrcHorde,isengard,1,OBJECT:InnTavern,inn,1
CONTROLBAR:PurchaseUpgradeIsengardForgedBlades,isengard,1,CONTROLBAR:ConstructMordorBlackOrcHorde,inn,2
CONTROLBAR:PurchaseUpgradeIsengardHeavyArmor,isengard,2,CONTROLBAR:ConstructMordorBlackOrcHorde,inn,2
CONTROLBAR:PurchaseUpgradeIsengardBasicTraining,isengard,3,CONTROLBAR:ConstructMordorBlackOrcHorde,inn,2
CONTROLBAR:EvilPlayerExperienceMenu,isengard,,,power,0
CONTROLBAR:DragonAlly,isengard,,CONTROLBAR:EvilPlayerExperienceMenu,power,1
CONTROLBAR:SpecialAbilitySummonedDragonReposition,isengard,1,CONTROLBAR:DragonAlly,power,2
CONTROLBAR:ConstructSlaughterHouse,mordor,1,,basic,0
CONTROLBAR:ConstructMordorLumberMill,mordor,2,,basic,0
CONTROLBAR:BuildMordorWorker,mordor,1,CONTROLBAR:ConstructMordorLumberMill,basic,1
CONTROLBAR:ConstructMordorOrcPit,mordor,3,,basic,0
CONTROLBAR:ConstructMordorOrcFighterHorde,mordor,1,CONTROLBAR:ConstructMordorOrcPit,basic,1
CONTROLBAR:PurchaseUpgradeIsengardForgedBlades,mordor,1,CONTROLBAR:ConstructMordorOrcFighterHorde,basic,2
CONTROLBAR:PurchaseUpgradeMorderHeavyArmor,mordor,2,CONTROLBAR:ConstructMordorOrcFighterHorde,basic,2
CONTROLBAR:PurchaseUpgradeMordorBasicTraining,mordor,3,CONTROLBAR:ConstructMordorOrcFighterHorde,basic,2
CONTROLBAR:ConstructMordorOrcArcherHorde,mordor,2,CONTROLBAR:ConstructMordorOrcPit,basic,1
CONTROLBAR:ArcherBarrage,mordor,1,CONTROLBAR:ConstructMordorOrcArcherHorde,basic,2
CONTROLBAR:FireArrowUpgrade,mordor,2,CONTROLBAR:ConstructMordorOrcArcherHorde,basic,2
CONTROLBAR:PurchaseUpgradeMorderHeavyArmor,mordor,3,CONTROLBAR:ConstructMordorOrcArcherHorde,basic,2
CONTROLBAR:PurchaseUpgradeMordorBasicTraining,mordor,4,CONTROLBAR:ConstructMordorOrcArcherHorde,basic,2
CONTROLBAR:PurchaseTechnologyMordorBasicTraining,mordor,3,CONTROLBAR:ConstructMordorOrcPit,basic,1
CONTROLBAR:ConstructMordorBlackOrcHorde,mordor,4,CONTROLBAR:ConstructMordorOrcPit,basic,1
CONTROLBAR:PurchaseUpgradeIsengardForgedBlades,mordor,1,CONTROLBAR:ConstructMordorBlackOrcHorde,basic,2
CONTROLBAR:PurchaseUpgradeMorderHeavyArmor,mordor,2,CONTROLBAR:ConstructMordorBlackOrcHorde,basic,2
CONTROLBAR:PurchaseUpgradeMordorBasicTraining,mordor,3,CONTROLBAR:ConstructMordorBlackOrcHorde,basic,2
CONTROLBAR:UpgradeMordorOrcPitLevel2,mordor,5,CONTROLBAR:ConstructMordorOrcPit,basic,1
CONTROLBAR:UpgradeMordorOrcPitLevel3,mordor,6,CONTROLBAR:ConstructMordorOrcPit,basic,1
CONTROLBAR:ConstructMordorHaradrimPalace,mordor,4,,basic,0
CONTROLBAR:ConstructMordorEasterlingHorde,mordor,1,CONTROLBAR:ConstructMordorHaradrimPalace,basic,1
CONTROLBAR:TogglePorcupineFormation,mordor,1,CONTROLBAR:ConstructMordorEasterlingHorde,basic,2
CONTROLBAR:ToggleLineFormation,mordor,1,CONTROLBAR:ConstructMordorEasterlingHorde,basic,2
CONTROLBAR:PurchaseUpgradeIsengardForgedBlades,mordor,2,CONTROLBAR:ConstructMordorEasterlingHorde,basic,2
CONTROLBAR:PurchaseUpgradeMorderHeavyArmor,mordor,3,CONTROLBAR:ConstructMordorEasterlingHorde,basic,2
CONTROLBAR:PurchaseUpgradeMordorBasicTraining,mordor,4,CONTROLBAR:ConstructMordorEasterlingHorde,basic,2
CONTROLBAR:ConstructMordorCorsairsOfUmbarHorde,mordor,2,CONTROLBAR:ConstructMordorHaradrimPalace,basic,1
CONTROLBAR:ArcherBarrage,mordor,1,CONTROLBAR:ConstructMordorCorsairsOfUmbarHorde,basic,2
CONTROLBAR:ThrowFireBombs,mordor,2,CONTROLBAR:ConstructMordorCorsairsOfUmbarHorde,basic,2
CONTROLBAR:Knife,mordor,2,CONTROLBAR:ConstructMordorCorsairsOfUmbarHorde,basic,2
CONTROLBAR:PurchaseUpgradeIsengardForgedBlades,mordor,3,CONTROLBAR:ConstructMordorCorsairsOfUmbarHorde,basic,2
CONTROLBAR:PurchaseUpgradeMordorBasicTraining,mordor,4,CONTROLBAR:ConstructMordorCorsairsOfUmbarHorde,basic,2
CONTROLBAR:ConstructMordorHaradrimRiderHorde,mordor,3,CONTROLBAR:ConstructMordorHaradrimPalace,basic,1
CONTROLBAR:PurchaseUpgradeIsengardForgedBlades,mordor,1,CONTROLBAR:ConstructMordorHaradrimRiderHorde,basic,2
CONTROLBAR:PurchaseUpgradeMorderHeavyArmor,mordor,2,CONTROLBAR:ConstructMordorHaradrimRiderHorde,basic,2
CONTROLBAR:PurchaseUpgradeMordorBasicTraining,mordor,3,CONTROLBAR:ConstructMordorHaradrimRiderHorde,basic,2
CONTROLBAR:ConstructMordorHaradrimArcherHorde,mordor,4,CONTROLBAR:ConstructMordorHaradrimPalace,basic,1
CONTROLBAR:ArcherBarrage,mordor,1,CONTROLBAR:ConstructMordorHaradrimArcherHorde,basic,2
CONTROLBAR:BarbedArrows,mordor,2,CONTROLBAR:ConstructMordorHaradrimArcherHorde,basic,2
CONTROLBAR:FireArrowUpgrade,mordor,3,CONTROLBAR:ConstructMordorHaradrimArcherHorde,basic,2
CONTROLBAR:PurchaseUpgradeMorderHeavyArmor,mordor,4,CONTROLBAR:ConstructMordorHaradrimArcherHorde,basic,2
CONTROLBAR:PurchaseUpgradeMordorBasicTraining,mordor,5,CONTROLBAR:ConstructMordorHaradrimArcherHorde,basic,2
CONTROLBAR:PurchaseTechnologyMordorFireArrows,mordor,5,CONTROLBAR:ConstructMordorHaradrimPalace,basic,1
CONTROLBAR:UpgradeMordorHaradrimPalaceLevel2,mordor,6,CONTROLBAR:ConstructMordorHaradrimPalace,basic,1
CONTROLBAR:UpgradeMordorHaradrimPalaceLevel3,mordor,7,CONTROLBAR:ConstructMordorHaradrimPalace,basic,1
CONTROLBAR:ConstructMordorTrollCage,mordor,5,,basic,0
CONTROLBAR:ConstructMordorMountainTroll,mordor,1,CONTROLBAR:ConstructMordorTrollCage,basic,1
CONTROLBAR:KickAndPunch,mordor,1,CONTROLBAR:ConstructMordorMountainTroll,basic,2
CONTROLBAR:ThrowRocks,mordor,1,CONTROLBAR:ConstructMordorMountainTroll,basic,2
CONTROLBAR:TrollFindTree,mordor,2,CONTROLBAR:ConstructMordorMountainTroll,basic,2
CONTROLBAR:TrollFindTastyOrc,mordor,3,CONTROLBAR:ConstructMordorMountainTroll,basic,2
CONTROLBAR:ToggleTrebWeapon,mordor,4,CONTROLBAR:ConstructMordorMountainTroll,basic,2
CONTROLBAR:StopBombard,mordor,4,CONTROLBAR:ConstructMordorMountainTroll,basic,2
CONTROLBAR:ConstructMordorDrummerTrolls,mordor,2,CONTROLBAR:ConstructMordorTrollCage,basic,1
CONTROLBAR:Roar,mordor,1,CONTROLBAR:ConstructMordorDrummerTrolls,basic,2
CONTROLBAR:ConstructMordorAttackTroll,mordor,3,CONTROLBAR:ConstructMordorTrollCage,basic,1
CONTROLBAR:DominateTroll,mordor,1,CONTROLBAR:ConstructMordorAttackTroll,basic,2
CONTROLBAR:UpgradeMordorTrollCageLevel2,mordor,4,CONTROLBAR:ConstructMordorTrollCage,basic,1
CONTROLBAR:UpgradeMordorTrollCageLevel3,mordor,5,CONTROLBAR:ConstructMordorTrollCage,basic,1
CONTROLBAR:ConstructMordorSiegeWorks,mordor,6,,basic,0
CONTROLBAR:ConstructMordorBatteringRam,mordor,1,CONTROLBAR:ConstructMordorSiegeWorks,basic,1
CONTROLBAR:ConstructMordorCatapult,mordor,2,CONTROLBAR:ConstructMordorSiegeWorks,basic,1
CONTROLBAR:ToggleTrebWeapon,mordor,1,CONTROLBAR:ConstructMordorCatapult,basic,2
CONTROLBAR:StopBombard,mordor,1,CONTROLBAR:ConstructMordorCatapult,basic,2
CONTROLBAR:SpecialAbilityHumanHeads,mordor,2,CONTROLBAR:ConstructMordorCatapult,basic,2
CONTROLBAR:NoAutoAcquire,mordor,3,CONTROLBAR:ConstructMordorCatapult,basic,2
CONTROLBAR:AutoAcquire,mordor,3,CONTROLBAR:ConstructMordorCatapult,basic,2
CONTROLBAR:ConstructMordorSiegeTower,mordor,,CONTROLBAR:ConstructMordorSiegeWorks,basic,1
CONTROLBAR:SiegeRetract,mordor,1,CONTROLBAR:ConstructMordorSiegeTower,basic,2
CONTROLBAR:PurchaseTechnologyMordorForgedBlades,mordor,3,CONTROLBAR:ConstructMordorSiegeWorks,basic,1
CONTROLBAR:PurchaseTechnologyMordorHeavyArmor,mordor,4,CONTROLBAR:ConstructMordorSiegeWorks,basic,1
CONTROLBAR:BlackRiderRecruit,mordor,5,CONTROLBAR:ConstructMordorSiegeWorks,basic,1
CONTROLBAR:BlackRiderMorgulBlade,mordor,1,CONTROLBAR:BlackRiderRecruit,basic,2
CONTROLBAR:Screech,mordor,2,CONTROLBAR:BlackRiderRecruit,basic,2
CONTROLBAR:UpgradeMordorSiegeWorksLevel2,mordor,6,CONTROLBAR:ConstructMordorSiegeWorks,basic,1
CONTROLBAR:UpgradeMordorSiegeWorksLevel3,mordor,7,CONTROLBAR:ConstructMordorSiegeWorks,basic,1
CONTROLBAR:ConstructMordorMumakilPen,mordor,7,,basic,0
CONTROLBAR:ConstructMordorMumakil,mordor,1,CONTROLBAR:ConstructMordorMumakilPen,basic,1
CONTROLBAR:ChargeAttack,mordor,1,CONTROLBAR:ConstructMordorMumakil,basic,2
CONTROLBAR:FireArrowUpgrade,mordor,2,CONTROLBAR:ConstructMordorMumakil,basic,2
CONTROLBAR:PurchaseUpgradeMordorBasicTraining,mordor,3,CONTROLBAR:ConstructMordorMumakil,basic,2
CONTROLBAR:UpgradeMordorMumakilPenLevel2,mordor,2,CONTROLBAR:ConstructMordorMumakilPen,basic,1
CONTROLBAR:UpgradeMordorMumakilPenLevel3,mordor,3,CONTROLBAR:ConstructMordorMumakilPen,basic,1
CONTROLBAR:ConstructMordorBattleTower,mordor,8,,basic,0
CONTROLBAR:PurchaseUpgradeSentryTowerFireArrows,mordor,1,CONTROLBAR:ConstructMordorBattleTower,basic,1
CONTROLBAR:ConstructMordorFortress,mordor,9,,basic,0
CONTROLBAR:ConstructMordorPorter,mordor,1,CONTROLBAR:ConstructMordorFortress,basic,1
CONTROLBAR:SelectRevivablesMordorFortress,mordor,2,CONTROLBAR:ConstructMordorFortress,basic,1
CONTROLBAR:MordorGothmogHotkey,mordor,1,CONTROLBAR:SelectRevivablesMordorFortress,basic,2
CONTROLBAR:SpecialAbilityGothmogCarnage,mordor,2,CONTROLBAR:MordorGothmogHotkey,basic,3
CONTROLBAR:MordorMouthofSauronHotkey,mordor,2,CONTROLBAR:SelectRevivablesMordorFortress,basic,2
CONTROLBAR:TheodenMount,mordor,1,CONTROLBAR:MordorMouthofSauronHotkey,basic,3
CONTROLBAR:MouthOfSauronDoubt,mordor,2,CONTROLBAR:MordorMouthofSauronHotkey,basic,3
CONTROLBAR:SpecialAbilityMouthOfSauronEvilEye,mordor,3,CONTROLBAR:MordorMouthofSauronHotkey,basic,3
CONTROLBAR:MouthOfSauronDissent,mordor,4,CONTROLBAR:MordorMouthofSauronHotkey,basic,3
CONTROLBAR:MordorKhamulHotkey,mordor,3,CONTROLBAR:SelectRevivablesMordorFortress,basic,2
CONTROLBAR:TheodenMount,mordor,1,CONTROLBAR:MordorKhamulHotkey,basic,3
CONTROLBAR:Screech,mordor,2,CONTROLBAR:MordorKhamulHotkey,basic,3
CONTROLBAR:BlackRiderMorgulBlade,mordor,3,CONTROLBAR:MordorKhamulHotkey,basic,3
CONTROLBAR:MordorMorgomirHotkey,mordor,4,CONTROLBAR:SelectRevivablesMordorFortress,basic,2
CONTROLBAR:TheodenMount,mordor,1,CONTROLBAR:MordorMorgomirHotkey,basic,3
CONTROLBAR:Screech,mordor,2,CONTROLBAR:MordorMorgomirHotkey,basic,3
CONTROLBAR:BlackRiderMorgulBlade,mordor,3,CONTROLBAR:MordorMorgomirHotkey,basic,3
CONTROLBAR:MordorWitchKingOnFellBeastHotkey,mordor,5,CONTROLBAR:SelectRevivablesMordorFortress,basic,2
CONTROLBAR:TheodenMount,mordor,1,CONTROLBAR:MordorWitchKingOnFellBeastHotkey,basic,3
CONTROLBAR:ToggleWitchkingWeapons,mordor,2,CONTROLBAR:MordorWitchKingOnFellBeastHotkey,basic,3
CONTROLBAR:MordorWitchkingMorgulCorruption,mordor,3,CONTROLBAR:MordorWitchKingOnFellBeastHotkey,basic,3
CONTROLBAR:Screech,mordor,4,CONTROLBAR:MordorWitchKingOnFellBeastHotkey,basic,3
CONTROLBAR:HourOfTheWitchKing,mordor,5,CONTROLBAR:MordorWitchKingOnFellBeastHotkey,basic,3
CONTROLBAR:SelectUpgradesMordorFortress,mordor,3,CONTROLBAR:ConstructMordorFortress,basic,1
CONTROLBAR:PurchaseUpgradeMordorFortressDoomPyres,mordor,1,CONTROLBAR:SelectUpgradesMordorFortress,basic,2
CONTROLBAR:PurchaseUpgradeMordorFortressLavaMoat,mordor,2,CONTROLBAR:SelectUpgradesMordorFortress,basic,2
CONTROLBAR:PurchaseUpgradeMordorFortressMagmaCauldrons,mordor,3,CONTROLBAR:SelectUpgradesMordorFortress,basic,2
CONTROLBAR:PurchaseUpgradeMordorFortressFireArrows,mordor,4,CONTROLBAR:SelectUpgradesMordorFortress,basic,2
CONTROLBAR:PurchaseUpgradeMordorFortressMorgulSorcery,mordor,5,CONTROLBAR:SelectUpgradesMordorFortress,basic,2
CONTROLBAR:PurchaseUpgradeMordorFortressGorgorothSpire,mordor,6,CONTROLBAR:SelectUpgradesMordorFortress,basic,2
CONTROLBAR:FireWeaponMordorFortressMagmaCauldrons,mordor,4,CONTROLBAR:ConstructMordorFortress,basic,1
CONTROLBAR:FireWeaponMordorFortressSpireFireball,mordor,5,CONTROLBAR:ConstructMordorFortress,basic,1
OBJECT:MordorBuildingFoundation,mordor,,CONTROLBAR:ConstructMordorFortress,basic,1
CONTROLBAR:ConstructMordorBarricadeExpansion,mordor,1,OBJECT:MordorBuildingFoundation,basic,2
CONTROLBAR:ConstructMordorGateWatchersExpansion,mordor,2,OBJECT:MordorBuildingFoundation,basic,2
CONTROLBAR:ConstructMordorWallCatapultExpansion,mordor,3,OBJECT:MordorBuildingFoundation,basic,2
OBJECT:InnTavern,mordor,,,inn,0
CONTROLBAR:ConstructMordorHaradrimLancerHorde,mordor,1,OBJECT:InnTavern,inn,1
CONTROLBAR:ToggleSkirmishFormation,mordor,1,CONTROLBAR:ConstructMordorHaradrimLancerHorde,inn,2
CONTROLBAR:ToggleLineFormation,mordor,1,CONTROLBAR:ConstructMordorHaradrimLancerHorde,inn,2
CONTROLBAR:PurchaseUpgradeIsengardForgedBlades,mordor,2,CONTROLBAR:ConstructMordorHaradrimLancerHorde,inn,2
CONTROLBAR:PurchaseUpgradeMorderHeavyArmor,mordor,3,CONTROLBAR:ConstructMordorHaradrimLancerHorde,inn,2
CONTROLBAR:PurchaseUpgradeMordorBasicTraining,mordor,4,CONTROLBAR:ConstructMordorHaradrimLancerHorde,inn,2
CONTROLBAR:EvilPlayerExperienceMenu,mordor,,,power,0
CONTROLBAR:AwakenWyrm,mordor,,CONTROLBAR:EvilPlayerExperienceMenu,power,1
CONTROLBAR:SpecialAbilityWyrmReposition,mordor,1,CONTROLBAR:AwakenWyrm,power,2
CONTROLBAR:SummonBalrog,mordor,,CONTROLBAR:EvilPlayerExperienceMenu,power,1
CONTROLBAR:SpecialAbilityIgnite,mordor,1,CONTROLBAR:SummonBalrog,power,2
CONTROLBAR:SpecialAbilityFireWhip,mordor,2,CONTROLBAR:SummonBalrog,power,2
CONTROLBAR:SpecialAbilityBalrogScream,mordor,3,CONTROLBAR:SummonBalrog,power,2
CONTROLBAR:SpecialAbilityBalrogBreath,mordor,4,CONTROLBAR:SummonBalrog,power,2
CONTROLBAR:SpecialAbilityBalrogWings,mordor,5,CONTROLBAR:SummonBalrog,power,2
CONTROLBAR:ConstructWildMineShaft,goblins,1,,basic,0
CONTROLBAR:GarrisonExit,goblins,1,CONTROLBAR:ConstructWildMineShaft,basic,1
CONTROLBAR:EvacuateAll,goblins,1,CONTROLBAR:ConstructWildMineShaft,basic,1
CONTROLBAR:ConstructWildLumberMill,goblins,2,,basic,0
CONTROLBAR:BuildMordorWorker,goblins,1,CONTROLBAR:ConstructWildLumberMill,basic,1
CONTROLBAR:ConstructWildGoblinCave,goblins,3,,basic,0
CONTROLBAR:ConstructGoblinFighterHorde,goblins,1,CONTROLBAR:ConstructWildGoblinCave,basic,1
CONTROLBAR:SpecialAbilityGoblinFighterPoisonedBlades,goblins,1,CONTROLBAR:ConstructGoblinFighterHorde,basic,2
CONTROLBAR:PurchaseUpgradeWildForgedBlade,goblins,2,CONTROLBAR:ConstructGoblinFighterHorde,basic,2
CONTROLBAR:PurchaseUpgradeWildHeavyArmor,goblins,3,CONTROLBAR:ConstructGoblinFighterHorde,basic,2
CONTROLBAR:PurchaseUpgradeWildBasicTraining,goblins,4,CONTROLBAR:ConstructGoblinFighterHorde,basic,2
CONTROLBAR:ConstructGoblinArcherHorde,goblins,2,CONTROLBAR:ConstructWildGoblinCave,basic,1
CONTROLBAR:ArcherBarrage,goblins,1,CONTROLBAR:ConstructGoblinArcherHorde,basic,2
CONTROLBAR:PoisonArrows,goblins,2,CONTROLBAR:ConstructGoblinArcherHorde,basic,2
CONTROLBAR:PurchaseUpgradeWildFireArrows,goblins,3,CONTROLBAR:ConstructGoblinArcherHorde,basic,2
CONTROLBAR:PurchaseUpgradeWildHeavyArmor,goblins,4,CONTROLBAR:ConstructGoblinArcherHorde,basic,2
CONTROLBAR:PurchaseUpgradeWildBasicTraining,goblins,5,CONTROLBAR:ConstructGoblinArcherHorde,basic,2
CONTROLBAR:ConstructWildCaveLevel2Upgrade,goblins,3,CONTROLBAR:ConstructWildGoblinCave,basic,1
CONTROLBAR:ConstructWildCaveLevel3Upgrade,goblins,4,CONTROLBAR:ConstructWildGoblinCave,basic,1
CONTROLBAR:ConstructWildGoblinFissure,goblins,4,,basic,0
CONTROLBAR:ConstructWildMarauderSwordHorde,goblins,1,CONTROLBAR:ConstructWildGoblinFissure,basic,1
CONTROLBAR:AngmarTrollChargeAttack,goblins,1,CONTROLBAR:ConstructWildMarauderSwordHorde,basic,2
CONTROLBAR:PurchaseUpgradeWildForgedBlade,goblins,2,CONTROLBAR:ConstructWildMarauderSwordHorde,basic,2
CONTROLBAR:PurchaseUpgradeWildHeavyArmor,goblins,3,CONTROLBAR:ConstructWildMarauderSwordHorde,basic,2
CONTROLBAR:PurchaseUpgradeWildBasicTraining,goblins,4,CONTROLBAR:ConstructWildMarauderSwordHorde,basic,2
CONTROLBAR:ConstructWildMarauderHorde,goblins,2,CONTROLBAR:ConstructWildGoblinFissure,basic,1
CONTROLBAR:TogglePorcupineFormation,goblins,1,CONTROLBAR:ConstructWildMarauderHorde,basic,2
CONTROLBAR:ToggleLineFormation,goblins,1,CONTROLBAR:ConstructWildMarauderHorde,basic,2
CONTROLBAR:PurchaseUpgradeWildForgedBlade,goblins,2,CONTROLBAR:ConstructWildMarauderHorde,basic,2
CONTROLBAR:PurchaseUpgradeWildHeavyArmor,goblins,3,CONTROLBAR:ConstructWildMarauderHorde,basic,2
CONTROLBAR:PurchaseUpgradeWildBasicTraining,goblins,4,CONTROLBAR:ConstructWildMarauderHorde,basic,2
CONTROLBAR:ConstructGoblinCaveTroll,goblins,3,CONTROLBAR:ConstructWildGoblinFissure,basic,1
CONTROLBAR:ThrowRocks,goblins,1,CONTROLBAR:ConstructGoblinCaveTroll,basic,2
CONTROLBAR:KickAndPunch,goblins,1,CONTROLBAR:ConstructGoblinCaveTroll,basic,2
CONTROLBAR:TrollFindTree,goblins,2,CONTROLBAR:ConstructGoblinCaveTroll,basic,2
CONTROLBAR:Trollfindunittothrow,goblins,3,CONTROLBAR:ConstructGoblinCaveTroll,basic,2
CONTROLBAR:ToggleTrebWeapon,goblins,4,CONTROLBAR:ConstructGoblinCaveTroll,basic,2
CONTROLBAR:StopBombard,goblins,4,CONTROLBAR:ConstructGoblinCaveTroll,basic,2
CONTROLBAR:ConstructWildMountainGiant,goblins,4,CONTROLBAR:ConstructWildGoblinFissure,basic,1
CONTROLBAR:WildMountainGiantStomp,goblins,1,CONTROLBAR:ConstructWildMountainGiant,basic,2
CONTROLBAR:KickAndPunch,goblins,2,CONTROLBAR:ConstructWildMountainGiant,basic,2
CONTROLBAR:ThrowRocks,goblins,2,CONTROLBAR:ConstructWildMountainGiant,basic,2
CONTROLBAR:ToggleTrebWeapon,goblins,3,CONTROLBAR:ConstructWildMountainGiant,basic,2
CONTROLBAR:StopBombard,goblins,3,CONTROLBAR:ConstructWildMountainGiant,basic,2
CONTROLBAR:ConstructWildBabyDrakeHorde,goblins,5,CONTROLBAR:ConstructWildGoblinFissure,basic,1
CONTROLBAR:SpecialAbilityFireDrakeInferno,goblins,1,CONTROLBAR:ConstructWildBabyDrakeHorde,basic,2
CONTROLBAR:UpgradeWildFissureLevel2,goblins,6,CONTROLBAR:ConstructWildGoblinFissure,basic,1
CONTROLBAR:UpgradeWildFissureLevel3,goblins,7,CONTROLBAR:ConstructWildGoblinFissure,basic,1
CONTROLBAR:ConstructWildWildSpiderPit,goblins,5,,basic,0
CONTROLBAR:ConstructWildSpiderlingHorde,goblins,1,CONTROLBAR:ConstructWildWildSpiderPit,basic,1
CONTROLBAR:PurchaseSpiderVenomSacks,goblins,1,CONTROLBAR:ConstructWildSpiderlingHorde,basic,2
CONTROLBAR:PurchaseUpgradeWildBasicTraining,goblins,2,CONTROLBAR:ConstructWildSpiderlingHorde,basic,2
CONTROLBAR:ConstructWildSpiderRiderHorde,goblins,2,CONTROLBAR:ConstructWildWildSpiderPit,basic,1
CONTROLBAR:ToggleSpiderRiderWeapons,goblins,1,CONTROLBAR:ConstructWildSpiderRiderHorde,basic,2
CONTROLBAR:PoisonArrows,goblins,2,CONTROLBAR:ConstructWildSpiderRiderHorde,basic,2
CONTROLBAR:PurchaseUpgradeWildForgedBlade,goblins,3,CONTROLBAR:ConstructWildSpiderRiderHorde,basic,2
CONTROLBAR:PurchaseUpgradeWildFireArrows,goblins,4,CONTROLBAR:ConstructWildSpiderRiderHorde,basic,2
CONTROLBAR:PurchaseUpgradeWildBasicTraining,goblins,5,CONTROLBAR:ConstructWildSpiderRiderHorde,basic,2
CONTROLBAR:ConstructWildSpiderPitLevel2Upgrade,goblins,3,CONTROLBAR:ConstructWildWildSpiderPit,basic,1
CONTROLBAR:ConstructWildSpiderPitLevel3Upgrade,goblins,4,CONTROLBAR:ConstructWildWildSpiderPit,basic,1
CONTROLBAR:ConstructWildSentryTower,goblins,6,,basic,0
CONTROLBAR:GarrisonExit,goblins,1,CONTROLBAR:ConstructWildSentryTower,basic,1
CONTROLBAR:PurchaseUpgradeSentryTowerFireArrows,goblins,2,CONTROLBAR:ConstructWildSentryTower,basic,1
CONTROLBAR:ConstructWildTreasureTrove,goblins,7,,basic,0
CONTROLBAR:PurchaseTechnologyWildBasicTraining,goblins,1,CONTROLBAR:ConstructWildTreasureTrove,basic,1
CONTROLBAR:PurchaseTechnologyWildFireArrows,goblins,2,CONTROLBAR:ConstructWildTreasureTrove,basic,1
CONTROLBAR:PurchaseTechnologyWildForgedBlades,goblins,3,CONTROLBAR:ConstructWildTreasureTrove,basic,1
CONTROLBAR:PurchaseTechnologyWildHeavyArmor,goblins,4,CONTROLBAR:ConstructWildTreasureTrove,basic,1
CONTROLBAR:ConstructWildTreasureTroveLevel2Upgrade,goblins,5,CONTROLBAR:ConstructWildTreasureTrove,basic,1
CONTROLBAR:ConstructWildTreasureTroveLevel3Upgrade,goblins,6,CONTROLBAR:ConstructWildTreasureTrove,basic,1
CONTROLBAR:ConstructWildFortress,goblins,8,,basic,0
CONTROLBAR:ConstructWildPorter,goblins,1,CONTROLBAR:ConstructWildFortress,basic,1
CONTROLBAR:SelectRevivablesGoblinFortress,goblins,2,CONTROLBAR:ConstructWildFortress,basic,1
CONTROLBAR:WildAzogHotKey,goblins,1,CONTROLBAR:SelectRevivablesGoblinFortress,basic,2
CONTROLBAR:CAH_BattleRage_Level3,goblins,1,CONTROLBAR:WildAzogHotKey,basic,3
CONTROLBAR:AzogCracktheWhip,goblins,2,CONTROLBAR:WildAzogHotKey,basic,3
CONTROLBAR:WildGoblinKingHotkey,goblins,2,CONTROLBAR:SelectRevivablesGoblinFortress,basic,2
CONTROLBAR:GoblinKingSkullTotem,goblins,1,CONTROLBAR:WildGoblinKingHotkey,basic,3
CONTROLBAR:GoblinKingMount,goblins,2,CONTROLBAR:WildGoblinKingHotkey,basic,3
CONTROLBAR:GoblinKingPoisonedStinger,goblins,3,CONTROLBAR:WildGoblinKingHotkey,basic,3
CONTROLBAR:GoblinKingSpawnFireDrakes,goblins,4,CONTROLBAR:WildGoblinKingHotkey,basic,3
CONTROLBAR:ShelobHotkey,goblins,3,CONTROLBAR:SelectRevivablesGoblinFortress,basic,2
CONTROLBAR:ShelobWebbing,goblins,1,CONTROLBAR:ShelobHotkey,basic,3
CONTROLBAR:WildShelobInstillTerror,goblins,2,CONTROLBAR:ShelobHotkey,basic,3
CONTROLBAR:SpecialAbilityWildShelobTunnel,goblins,3,CONTROLBAR:ShelobHotkey,basic,3
CONTROLBAR:WildShelobPoisonedStinger,goblins,4,CONTROLBAR:ShelobHotkey,basic,3
CONTROLBAR:WildDrogothHotkey,goblins,4,CONTROLBAR:SelectRevivablesGoblinFortress,basic,2
CONTROLBAR:SpecialAbilityDrogothFireball,goblins,1,CONTROLBAR:WildDrogothHotkey,basic,3
CONTROLBAR:SpecialAbilityWingBlast,goblins,2,CONTROLBAR:WildDrogothHotkey,basic,3
CONTROLBAR:SpecialAbilityDrogothFireflight,goblins,3,CONTROLBAR:WildDrogothHotkey,basic,3
CONTROLBAR:SpecialAbilityIncinerate,goblins,4,CONTROLBAR:WildDrogothHotkey,basic,3
CONTROLBAR:SelectUpgradesWildFortress,goblins,3,CONTROLBAR:ConstructWildFortress,basic,1
CONTROLBAR:PurchaseUpgradeWildFortressBatCloud,goblins,1,CONTROLBAR:SelectUpgradesWildFortress,basic,2
CONTROLBAR:PurchaseUpgradeWildFortressRazorSpines,goblins,2,CONTROLBAR:SelectUpgradesWildFortress,basic,2
CONTROLBAR:PurchaseUpgradeWildFortressFireArrows,goblins,3,CONTROLBAR:SelectUpgradesWildFortress,basic,2
CONTROLBAR:PurchaseUpgradeWildFortressWebCocoon,goblins,4,CONTROLBAR:SelectUpgradesWildFortress,basic,2
CONTROLBAR:PurchaseUpgradeWildFortressDragonNest,goblins,5,CONTROLBAR:SelectUpgradesWildFortress,basic,2
CONTROLBAR:PurchaseWildFireDrake,goblins,4,CONTROLBAR:ConstructWildFortress,basic,1
CONTROLBAR:SpecialAbilityFireDrakeInferno,goblins,1,CONTROLBAR:PurchaseWildFireDrake,basic,2
OBJECT:WildBuildingFoundation,goblins,,CONTROLBAR:ConstructWildFortress,basic,1
CONTROLBAR:ConstructWildBurrowsExpansion,goblins,1,OBJECT:WildBuildingFoundation,basic,2
CONTROLBAR:EvacuateAll,goblins,1,CONTROLBAR:ConstructWildBurrowsExpansion,basic,3
CONTROLBAR:ConstructWildArrowDenExpansion,goblins,2,OBJECT:WildBuildingFoundation,basic,2
CONTROLBAR:ConstructWildSpiderHolesExpansion,goblins,3,OBJECT:WildBuildingFoundation,basic,2
CONTROLBAR:ConstructWildGiantSentryExpansion,goblins,4,OBJECT:WildBuildingFoundation,basic,2
CONTROLBAR:EvilPlayerExperienceMenu,goblins,,,power,0
CONTROLBAR:AwakenWyrm,goblins,,CONTROLBAR:EvilPlayerExperienceMenu,power,1
CONTROLBAR:SpecialAbilityWyrmReposition,goblins,1,CONTROLBAR:AwakenWyrm,power,2
CONTROLBAR:SummonBalrog,goblins,,CONTROLBAR:EvilPlayerExperienceMenu,power,1
CONTROLBAR:SpecialAbilityIgnite,goblins,1,CONTROLBAR:SummonBalrog,power,2
CONTROLBAR:SpecialAbilityFireWhip,goblins,2,CONTROLBAR:SummonBalrog,power,2
CONTROLBAR:SpecialAbilityBalrogScream,goblins,3,CONTROLBAR:SummonBalrog,power,2
CONTROLBAR:SpecialAbilityBalrogBreath,goblins,4,CONTROLBAR:SummonBalrog,power,2
CONTROLBAR:SpecialAbilityBalrogWings,goblins,5,CONTROLBAR:SummonBalrog,power,2
OBJECT:InnTavern,goblins,,,inn,0
CONTROLBAR:ConstructMordorCorsairsOfUmbarHorde,goblins,,OBJECT:InnTavern,inn,1
CONTROLBAR:ArcherBarrage,goblins,1,CONTROLBAR:ConstructMordorCorsairsOfUmbarHorde,inn,2
CONTROLBAR:ThrowFireBombs,goblins,2,CONTROLBAR:ConstructMordorCorsairsOfUmbarHorde,inn,2
CONTROLBAR:Knife,goblins,2,CONTROLBAR:ConstructMordorCorsairsOfUmbarHorde,inn,2
CONTROLBAR:PurchaseUpgradeWildForgedBlade,goblins,3,CONTROLBAR:ConstructMordorCorsairsOfUmbarHorde,inn,2
CONTROLBAR:PurchaseUpgradeWildBasicTraining,goblins,4,CONTROLBAR:ConstructMordorCorsairsOfUmbarHorde,inn,2
CONTROLBAR:ConstructAngmarMill,angmar,1,,basic,0
CONTROLBAR:ConstructAngmarBarracks,angmar,2,,basic,0
CONTROLBAR:ConstructAngmarThrallMaster,angmar,1,CONTROLBAR:ConstructAngmarBarracks,basic,1
CONTROLBAR:ThrallMasterUpgradeOrcWarriors,angmar,1,CONTROLBAR:ConstructAngmarThrallMaster,basic,2
CONTROLBAR:ThrallMasterUpgradeRhudaurSpearmen,angmar,2,CONTROLBAR:ConstructAngmarThrallMaster,basic,2
CONTROLBAR:ThrallMasterUpgradeRhudaurSlingers,angmar,3,CONTROLBAR:ConstructAngmarThrallMaster,basic,2
CONTROLBAR:ThrallMasterUpgradeWolfRiders,angmar,4,CONTROLBAR:ConstructAngmarThrallMaster,basic,2
CONTROLBAR:ConstructAngmarDarkDunedainHorde,angmar,2,CONTROLBAR:ConstructAngmarBarracks,basic,1
CONTROLBAR:AngmarChargeAttack,angmar,1,CONTROLBAR:ConstructAngmarDarkDunedainHorde,basic,2
CONTROLBAR:PurchaseUpgradeAngmarDarkIronBlades,angmar,2,CONTROLBAR:ConstructAngmarDarkDunedainHorde,basic,2
CONTROLBAR:PurchaseUpgradeAngmarDarkIronMail,angmar,3,CONTROLBAR:ConstructAngmarDarkDunedainHorde,basic,2
CONTROLBAR:PurchaseUpgradeDwarvenBasicTraining,angmar,4,CONTROLBAR:ConstructAngmarDarkDunedainHorde,basic,2
CONTROLBAR:PurchaseTechnologyDwarvenBasicTraining,angmar,3,CONTROLBAR:ConstructAngmarBarracks,basic,1
CONTROLBAR:ConstructAngmarDarkRangerHorde,angmar,4,CONTROLBAR:ConstructAngmarBarracks,basic,1
CONTROLBAR:ArcherBarrage,angmar,1,CONTROLBAR:ConstructAngmarDarkRangerHorde,basic,2
CONTROLBAR:MenLongShotAbility,angmar,2,CONTROLBAR:ConstructAngmarDarkRangerHorde,basic,2
CONTROLBAR:PurchaseUpgradeAngmarIceArrows,angmar,3,CONTROLBAR:ConstructAngmarDarkRangerHorde,basic,2
CONTROLBAR:PurchaseUpgradeDwarvenBasicTraining,angmar,4,CONTROLBAR:ConstructAngmarDarkRangerHorde,basic,2
CONTROLBAR:ConstructAngmarBarracks2Upgrade,angmar,5,CONTROLBAR:ConstructAngmarBarracks,basic,1
CONTROLBAR:ConstructAngmarBarracksLevel3Upgrade,angmar,6,CONTROLBAR:ConstructAngmarBarracks,basic,1
CONTROLBAR:ConstructAngmarDen,angmar,3,,basic,0
CONTROLBAR:ConstructAngmarDireWolfHorde,angmar,1,CONTROLBAR:ConstructAngmarDen,basic,1
CONTROLBAR:PurchaseUpgradeAngmarSpikedCollars,angmar,1,CONTROLBAR:ConstructAngmarDireWolfHorde,basic,2
CONTROLBAR:PurchaseUpgradeDwarvenBasicTraining,angmar,2,CONTROLBAR:ConstructAngmarDireWolfHorde,basic,2
CONTROLBAR:ConstructAngmarHillTrollHorde,angmar,2,CONTROLBAR:ConstructAngmarDen,basic,1
CONTROLBAR:TogglePorcupineFormation,angmar,1,CONTROLBAR:ConstructAngmarHillTrollHorde,basic,2
CONTROLBAR:ToggleLineFormation,angmar,1,CONTROLBAR:ConstructAngmarHillTrollHorde,basic,2
CONTROLBAR:PurchaseUpgradeAngmarDarkIronBlades,angmar,2,CONTROLBAR:ConstructAngmarHillTrollHorde,basic,2
CONTROLBAR:PurchaseUpgradeAngmarDarkIronMail,angmar,3,CONTROLBAR:ConstructAngmarHillTrollHorde,basic,2
CONTROLBAR:PurchaseUpgradeDwarvenBasicTraining,angmar,4,CONTROLBAR:ConstructAngmarHillTrollHorde,basic,2
CONTROLBAR:ConstructAngmarSnowTrollHorde,angmar,3,CONTROLBAR:ConstructAngmarDen,basic,1
CONTROLBAR:AngmarTrollChargeAttack,angmar,1,CONTROLBAR:ConstructAngmarSnowTrollHorde,basic,2
CONTROLBAR:PurchaseUpgradeAngmarDarkIronBlades,angmar,2,CONTROLBAR:ConstructAngmarSnowTrollHorde,basic,2
CONTROLBAR:PurchaseUpgradeAngmarDarkIronMail,angmar,3,CONTROLBAR:ConstructAngmarSnowTrollHorde,basic,2
CONTROLBAR:PurchaseUpgradeDwarvenBasicTraining,angmar,4,CONTROLBAR:ConstructAngmarSnowTrollHorde,basic,2
CONTROLBAR:ConstructAngmarDen2Upgrade,angmar,4,CONTROLBAR:ConstructAngmarDen,basic,1
CONTROLBAR:ConstructAngmarDen3Upgrade,angmar,5,CONTROLBAR:ConstructAngmarDen,basic,1
CONTROLBAR:ConstructAngmarHallofTwilight,angmar,4,,basic,0
CONTROLBAR:ConstructAngmarNecromancerHorde,angmar,1,CONTROLBAR:ConstructAngmarHallofTwilight,basic,1
CONTROLBAR:NecroBlackIce,angmar,1,CONTROLBAR:ConstructAngmarNecromancerHorde,basic,2
CONTROLBAR:NecroFellStrength,angmar,2,CONTROLBAR:ConstructAngmarNecromancerHorde,basic,2
CONTROLBAR:PurchaseUpgradeSoulFreeze,angmar,3,CONTROLBAR:ConstructAngmarNecromancerHorde,basic,2
CONTROLBAR:PurchaseUpgradeWellOfSouls,angmar,4,CONTROLBAR:ConstructAngmarNecromancerHorde,basic,2
CONTROLBAR:PurchaseUpgradeCorpseRain,angmar,5,CONTROLBAR:ConstructAngmarNecromancerHorde,basic,2
CONTROLBAR:ConstructAngmarHallofTwilight2Upgrade,angmar,2,CONTROLBAR:ConstructAngmarHallofTwilight,basic,1
CONTROLBAR:ConstructAngmarHallofTwilightLevel3Upgrade,angmar,3,CONTROLBAR:ConstructAngmarHallofTwilight,basic,1
CONTROLBAR:ConstructAngmarForgeWorks,angmar,5,,basic,0
CONTROLBAR:ConstructAngmarTrollSling,angmar,1,CONTROLBAR:ConstructAngmarForgeWorks,basic,1
CONTROLBAR:NoAutoAcquire,angmar,1,CONTROLBAR:ConstructAngmarTrollSling,basic,2
CONTROLBAR:AutoAcquire,angmar,1,CONTROLBAR:ConstructAngmarTrollSling,basic,2
CONTROLBAR:PurchaseUpgradeAngmarIceShot,angmar,2,CONTROLBAR:ConstructAngmarTrollSling,basic,2
CONTROLBAR:ToggleTrebWeapon,angmar,3,CONTROLBAR:ConstructAngmarTrollSling,basic,2
CONTROLBAR:StopBombard,angmar,3,CONTROLBAR:ConstructAngmarTrollSling,basic,2
CONTROLBAR:PurchaseTechnologyAngmarIceShot,angmar,2,CONTROLBAR:ConstructAngmarForgeWorks,basic,1
CONTROLBAR:PurchaseTechnologyAngmarDarkIronBlades,angmar,3,CONTROLBAR:ConstructAngmarForgeWorks,basic,1
CONTROLBAR:PurchaseTechnologyAngmarDarkIronMail,angmar,4,CONTROLBAR:ConstructAngmarForgeWorks,basic,1
CONTROLBAR:PurchaseTechnologyAngmarIceArrows,angmar,5,CONTROLBAR:ConstructAngmarForgeWorks,basic,1
CONTROLBAR:UpgradeAngmarForgeWorksLevel2,angmar,6,CONTROLBAR:ConstructAngmarForgeWorks,basic,1
CONTROLBAR:UpgradeAngmarForgeWorksLevel3,angmar,7,CONTROLBAR:ConstructAngmarForgeWorks,basic,1
CONTROLBAR:ConstructAngmarBattleTower,angmar,6,,basic,0
CONTROLBAR:GarrisonExit,angmar,1,CONTROLBAR:ConstructAngmarBattleTower,basic,1
CONTROLBAR:PurchaseTechnologyAngmarIceArrowsForBattleTower,angmar,2,CONTROLBAR:ConstructAngmarBattleTower,basic,1
CONTROLBAR:ConstructDwarvenWallHub,angmar,7,,basic,0
CONTROLBAR:Command_DwarvenCastleWallHub_BeginWallSpan,angmar,1,CONTROLBAR:ConstructDwarvenWallHub,basic,1
CONTROLBAR:Command_AngmarWallUpgradeToHub,angmar,1,CONTROLBAR:ConstructDwarvenWallHub,basic,1
CONTROLBAR:Command_AngmarWallUpgradeToRegularGate,angmar,2,CONTROLBAR:ConstructDwarvenWallHub,basic,1
CONTROLBAR:Command_AngmarWallUpgradeToPosternGate,angmar,3,CONTROLBAR:ConstructDwarvenWallHub,basic,1
CONTROLBAR:Command_AngmarWallUpgradeToTower,angmar,4,CONTROLBAR:ConstructDwarvenWallHub,basic,1
CONTROLBAR:Command_AngmarWallUpgradeToCatapult,angmar,5,CONTROLBAR:ConstructDwarvenWallHub,basic,1
CONTROLBAR:ConstructDwarvenFortress,angmar,8,,basic,0
CONTROLBAR:ConstructAngmarPorter,angmar,1,CONTROLBAR:ConstructDwarvenFortress,basic,1
CONTROLBAR:SelectRevivablesDwarvenFortress,angmar,2,CONTROLBAR:ConstructDwarvenFortress,basic,1
CONTROLBAR:AngmarHwaldarHotkey,angmar,1,CONTROLBAR:SelectRevivablesDwarvenFortress,basic,2
CONTROLBAR:HwaldarSummonHillmen2,angmar,1,CONTROLBAR:AngmarHwaldarHotkey,basic,3
CONTROLBAR:AngmarMorgramirHotkey,angmar,2,CONTROLBAR:SelectRevivablesDwarvenFortress,basic,2
CONTROLBAR:BlackRiderMorgulBlade,angmar,1,CONTROLBAR:AngmarMorgramirHotkey,basic,3
CONTROLBAR:DarkGlory,angmar,2,CONTROLBAR:AngmarMorgramirHotkey,basic,3
CONTROLBAR:MorgramirRuin,angmar,3,CONTROLBAR:AngmarMorgramirHotkey,basic,3
CONTROLBAR:AngmarKarshHotkey,angmar,3,CONTROLBAR:SelectRevivablesDwarvenFortress,basic,2
CONTROLBAR:SpecialAbilityHeroBlink,angmar,1,CONTROLBAR:AngmarKarshHotkey,basic,3
CONTROLBAR:WhisperofDeath,angmar,2,CONTROLBAR:AngmarKarshHotkey,basic,3
CONTROLBAR:AngmarRogashHotkey,angmar,4,CONTROLBAR:SelectRevivablesDwarvenFortress,basic,2
CONTROLBAR:DominateTroll,angmar,1,CONTROLBAR:AngmarRogashHotkey,basic,3
CONTROLBAR:RogashLeap,angmar,2,CONTROLBAR:AngmarRogashHotkey,basic,3
CONTROLBAR:RageoftheNorth,angmar,3,CONTROLBAR:AngmarRogashHotkey,basic,3
CONTROLBAR:AngmarWitchKingHotkey,angmar,5,CONTROLBAR:SelectRevivablesDwarvenFortress,basic,2
CONTROLBAR:TheodenMount,angmar,1,CONTROLBAR:AngmarWitchKingHotkey,basic,3
CONTROLBAR:WitchkingMorgulCorruption,angmar,2,CONTROLBAR:AngmarWitchKingHotkey,basic,3
CONTROLBAR:WkTerribleFury,angmar,3,CONTROLBAR:AngmarWitchKingHotkey,basic,3
CONTROLBAR:HourOfTheWitchKing,angmar,4,CONTROLBAR:AngmarWitchKingHotkey,basic,3
CONTROLBAR:SelectUpgradesDwarvenFortress,angmar,3,CONTROLBAR:ConstructDwarvenFortress,basic,1
CONTROLBAR:PurchaseUpgradeAngmarFortressBanners,angmar,1,CONTROLBAR:SelectUpgradesDwarvenFortress,basic,2
CONTROLBAR:PurchaseUpgradeAngmarFortressHouseOfLamentation,angmar,2,CONTROLBAR:SelectUpgradesDwarvenFortress,basic,2
CONTROLBAR:PurchaseUpgradeAngmarFortressSpikes,angmar,3,CONTROLBAR:SelectUpgradesDwarvenFortress,basic,2
CONTROLBAR:PurchaseUpgradeAngmarFortressIceMunitions,angmar,4,CONTROLBAR:SelectUpgradesDwarvenFortress,basic,2
CONTROLBAR:PurchaseUpgradeAngmarFortressIceWalls,angmar,5,CONTROLBAR:SelectUpgradesDwarvenFortress,basic,2
CONTROLBAR:PurchaseUpgradeAngmarFortressSanctum,angmar,6,CONTROLBAR:SelectUpgradesDwarvenFortress,basic,2
CONTROLBAR:FireWeaponAngmarFortressSanctumFrostball,angmar,4,CONTROLBAR:ConstructDwarvenFortress,basic,1
OBJECT:AngmarBuildingFoundation,angmar,,CONTROLBAR:ConstructDwarvenFortress,basic,1
CONTROLBAR:Command_ConstructAngmarWallHubExpansion,angmar,1,OBJECT:AngmarBuildingFoundation,basic,2
CONTROLBAR:ConstructAngmarBattleTowerExpansion,angmar,2,OBJECT:AngmarBuildingFoundation,basic,2
CONTROLBAR:ConstructAngmarKennelExpansion,angmar,3,OBJECT:AngmarBuildingFoundation,basic,2
CONTROLBAR:ConstructAngmarStoneThrowerExpansion,angmar,4,OBJECT:AngmarBuildingFoundation,basic,2
OBJECT:InnTavern,angmar,,,inn,0
CONTROLBAR:ConstructAngmarWildmanHorde,angmar,1,OBJECT:InnTavern,inn,1
CONTROLBAR:PurchaseUpgradeIsengardTorches,angmar,1,CONTROLBAR:ConstructAngmarWildmanHorde,inn,2
CONTROLBAR:EvilPlayerExperienceMenu,angmar,,,power,0
CONTROLBAR:SummonShadeOfWolf,angmar,,CONTROLBAR:EvilPlayerExperienceMenu,power,1
CONTROLBAR:ShadeChomp,angmar,1,CONTROLBAR:SummonShadeOfWolf,power,2
CONTROLBAR:SpecialAbilityDarkLordsLament,angmar,2,CONTROLBAR:SummonShadeOfWolf,power,2
CONTROLBAR:SpecialAbilityCallPack,angmar,3,CONTROLBAR:SummonShadeOfWolf,power,2
CONTROLBAR:SummonGiants,angmar,,CONTROLBAR:EvilPlayerExperienceMenu,power,1
CONTROLBAR:WildMountainGiantStomp,angmar,1,CONTROLBAR:SummonGiants,power,2
CONTROLBAR:KickAndPunch,angmar,2,CONTROLBAR:SummonGiants,power,2
CONTROLBAR:ThrowRocks,angmar,2,CONTROLBAR:SummonGiants,power,2
CONTROLBAR:ToggleTrebWeapon,angmar,3,CONTROLBAR:SummonGiants,power,2
CONTROLBAR:StopBombard,angmar,3,CONTROLBAR:SummonGiants,power,2
CONTROLBAR:SelectNearestBuilder,misc,,,basic,0
CONTROLBAR:AttackMove,misc,1,,basic,0
CONTROLBAR:SauronHotkey,misc,,,basic,0
CONTROLBAR:SpecialAbilityFiresOfDoom,misc,1,CONTROLBAR:SauronHotkey,basic,1
CONTROLBAR:TerribleFury,misc,2,CONTROLBAR:SauronHotkey,basic,1
CONTROLBAR:GaladrielHotkey,misc,,,basic,0
CONTROLBAR:GaladrielTornado,misc,1,CONTROLBAR:GaladrielHotkey,basic,1
CONTROLBAR:TerribleFury,misc,2,CONTROLBAR:GaladrielHotkey,basic,1
OBJECT:ShipWright,misc,,,basic,0
CONTROLBAR:ConstructGoodTransportShip,misc,1,OBJECT:ShipWright,basic,1
CONTROLBAR:ConstructGoodShip,misc,2,OBJECT:ShipWright,basic,1
CONTROLBAR:ConstructGoodFireShip,misc,3,OBJECT:ShipWright,basic,1
CONTROLBAR:PurchaseUpgradeCirdansCraftwork,misc,1,CONTROLBAR:ConstructGoodFireShip,basic,2
CONTROLBAR:PurchaseUpgradeShipArmor,misc,2,CONTROLBAR:ConstructGoodFireShip,basic,2
CONTROLBAR:ConstructGoodBombardShip,misc,4,OBJECT:ShipWright,basic,1
CONTROLBAR:ConstructEvilTransportShip,misc,1,OBJECT:ShipWright,basic,1
CONTROLBAR:ConstructEvilShip,misc,2,OBJECT:ShipWright,basic,1
CONTROLBAR:ConstructEvilFireShip,misc,3,OBJECT:ShipWright,basic,1
CONTROLBAR:PurchaseUpgradePirateFlag,misc,1,CONTROLBAR:ConstructEvilFireShip,basic,2
CONTROLBAR:PurchaseUpgradeShipArmor,misc,2,CONTROLBAR:ConstructEvilFireShip,basic,2
CONTROLBAR:ConstructEvilBombardShip,misc,4,OBJECT:ShipWright,basic,1